1,4.04,"Wine - White, Ej",pede morbi,1
2,10.09,Filo Dough,eu,2
3,16.08,Taro Root,pede lobortis,3
4,4.84,Brandy Apricot,odio,4
5,7.76,Breakfast Quesadillas,ridiculus,5
6,11.78,"Corn - Cream, Canned",sollicitudin vitae,6
7,13.65,Pork Loin Bine - In Frenched,felis sed,7
8,16.63,"Beef - Tongue, Cooked",curae,8
9,8.91,Soup - Campbells Pasta Fagioli,donec quis,9
10,4.65,Steam Pan - Half Size Deep,quam sollicitudin,10
11,9.17,Quail - Jumbo,id,11
12,2.06,"Pail - 15l White, With Handle",curabitur,12
13,11.65,Silicone Paper 16.5x24,diam in,13
14,15.11,Yoghurt Tubes,tempus sit,14
15,3.18,Filling - Mince Meat,quis,15
16,14.33,"Crab - Dungeness, Whole, live",maecenas rhoncus,16
17,7.02,Coffee - Hazelnut Cream,habitasse platea,17
18,10.55,"Pasta - Penne, Rigate, Dry",risus semper,18
19,5.93,Vinegar - White Wine,pretium iaculis,19
20,11.95,Carroway Seed,pretium,20
21,9.02,Wine - Carmenere Casillero Del,morbi,21
22,14.07,Puree - Blackcurrant,eu nibh,22
23,4.0,Bread - Multigrain Oval,enim,23
24,6.49,Hersey Shakes,venenatis,24
25,6.1,Appetizer - Veg Assortment,ornare consequat,25
26,4.68,Raspberries - Fresh,nibh in,26
27,13.84,Container - Clear 16 Oz,auctor gravida,27
28,9.28,Sauce - Marinara,ut nulla,28
29,5.45,Island Oasis - Magarita Mix,duis ac,29
30,3.66,Pernod,duis,30
31,4.59,Sauce - Rosee,neque aenean,31
32,11.8,"Tart Shells - Savory, 2",sed,32
33,14.16,"Mushroom - Trumpet, Dry",nulla,33
34,11.43,Seabream Whole Farmed,curae donec,34
35,6.89,Wine - Chianti Classica Docg,in tempor,35
36,3.42,Foil - 4oz Custard Cup,suscipit,36
37,11.41,Apples - Sliced / Wedge,blandit nam,37
38,13.43,Kohlrabi,consectetuer eget,38
39,9.17,Grand Marnier,orci,39
40,7.37,Foam Dinner Plate,quis libero,40
41,6.4,Plasticforkblack,proin eu,41
42,8.46,Creme De Cacao Mcguines,orci,42
43,8.89,Petite Baguette,ante ipsum,43
44,7.02,Pork - Kidney,volutpat,44
45,11.72,"Peas - Pigeon, Dry",nunc,45
46,3.24,Spring Roll Wrappers,justo,46
47,8.87,Cheese - Brie,platea dictumst,47
48,7.23,"Salmon - Atlantic, No Skin",luctus,48
49,2.55,Syrup - Monin - Passion Fruit,nulla elit,49
50,12.68,Artichoke - Fresh,ullamcorper,50
51,11.64,Carbonated Water - Blackcherry,nunc vestibulum,51
52,2.51,Wine - Black Tower Qr,arcu libero,52
53,6.13,Veal - Liver,aliquam lacus,53
54,17.06,Longos - Chicken Curried,erat tortor,54
55,13.71,"Halibut - Whole, Fresh",amet lobortis,55
56,11.73,Appetizer - Seafood Assortment,quis augue,56
57,3.02,Compound - Pear,leo,57
58,12.89,Chocolate - Milk Coating,suspendisse,58
59,3.28,Wine - Carmenere Casillero Del,eu sapien,59
60,17.83,Seabream Whole Farmed,erat fermentum,60
61,10.75,Taro Leaves,magna vulputate,61
62,14.95,Pear - Asian,quam,62
63,2.12,Pop - Club Soda Can,tempor turpis,63
64,8.48,Cheese Cloth,ipsum,64
65,7.69,Scotch - Queen Anne,odio porttitor,65
66,13.67,Chicken - Livers,morbi ut,66
67,17.52,Ice Cream Bar - Oreo Sandwich,id massa,67
68,16.87,Oil - Cooking Spray,quisque,68
69,15.26,"Bar Mix - Pina Colada, 355 Ml",rutrum neque,69
70,4.23,Plaintain,aliquet at,70
71,14.6,Cheese - Valancey,pede ullamcorper,71
72,10.8,Pastry - Cheese Baked Scones,odio porttitor,72
73,4.33,Hot Choc Vending,leo odio,73
74,12.88,Broom - Push,eros viverra,74
75,4.08,Chevere Logs,interdum mauris,75
76,4.5,"Rum - Dark, Bacardi, Black",posuere,76
77,15.28,"Oil - Olive, Extra Virgin",tincidunt,77
78,3.82,Oven Mitt - 13 Inch,tortor quis,78
79,8.38,"Corn - Cream, Canned",pede,79
80,6.81,Muffin Mix - Corn Harvest,libero nam,80
81,13.39,"Cheese - Woolwich Goat, Log",quis augue,81
82,15.74,Thermometer Digital,id luctus,82
83,10.15,Shopper Bag - S - 4,nibh in,83
84,13.4,Water - Evian 355 Ml,venenatis,84
85,13.93,Rabbit - Frozen,rhoncus,85
86,2.11,"Oregano - Dry, Rubbed",sagittis,86
87,8.1,Pizza Pizza Dough,nibh,87
88,8.15,Napkin - Beverage 1 Ply,integer aliquet,88
89,6.11,"Corn - Cream, Canned",maecenas tincidunt,89
90,4.66,Blue Curacao - Marie Brizard,lectus pellentesque,90
91,5.88,Cinnamon Rolls,suscipit nulla,91
92,12.14,Bacardi Raspberry,morbi,92
93,8.55,Spring Roll Wrappers,lobortis vel,93
94,13.8,Lid Coffeecup 12oz D9542b,amet nulla,94
95,15.64,Tomatoes - Roma,in,95
96,4.24,Cheese - Taleggio D.o.p.,nulla,96
97,11.07,Irish Cream - Butterscotch,tortor,97
98,15.26,Wine - Fino Tio Pepe Gonzalez,massa,98
99,16.85,Radish,duis,99
100,13.83,"Nut - Pecan, Pieces",in,100
101,5.83,Saskatoon Berries - Frozen,porta volutpat,101
102,17.98,Pork - Backs - Boneless,curabitur,102
103,8.9,Cookies - Englishbay Oatmeal,turpis elementum,103
104,16.48,Quail - Jumbo Boneless,in,104
105,5.92,Cream - 10%,varius,105
106,12.68,Beans - Green,odio odio,106
107,2.63,"Syrup - Golden, Lyles",ante ipsum,107
108,7.08,Juice - V8 Splash,consectetuer eget,108
109,16.33,Chocolate Eclairs,fermentum,109
110,2.99,Broccoli - Fresh,ipsum,110
111,14.38,Celery,justo,111
112,15.4,"Cheese - Cheddar, Medium",turpis,112
113,6.18,"Extract - Vanilla,artificial",pellentesque,113
114,14.83,"Syrup - Golden, Lyles",ante vivamus,114
115,10.76,Cinnamon Buns Sticky,ut blandit,115
116,3.33,"Carrots - Mini, Stem On",bibendum imperdiet,116
117,4.01,Lettuce - Lolla Rosa,turpis enim,117
118,4.94,Grapefruit - Pink,condimentum curabitur,118
119,3.27,Ice Cream - Super Sandwich,mus,119
120,4.17,Melon - Honey Dew,ut erat,120
121,14.39,Cattail Hearts,habitasse,121
122,15.69,Red Cod Fillets - 225g,accumsan,122
123,8.05,Wine - Chablis 2003 Champs,a,123
124,13.32,Beans - Fava Fresh,justo eu,124
125,13.8,Table Cloth 72x144 White,sollicitudin,125
126,8.86,Ice Cream - Vanilla,libero,126
127,8.06,Huck White Towels,varius ut,127
128,17.02,Venison - Ground,lacus curabitur,128
129,2.77,Veal - Bones,vel accumsan,129
130,14.55,Carroway Seed,porttitor,130
131,5.83,Beef - Shank,nulla,131
132,15.82,Plate Pie Foil,morbi,132
133,14.2,Beef - Short Loin,primis in,133
134,3.71,Miso - Soy Bean Paste,etiam,134
135,13.9,"Pasta - Lasagna Noodle, Frozen",viverra,135
136,13.91,Venison - Liver,velit donec,136
137,4.31,Icecream Cone - Areo Chocolate,lacinia,137
138,12.57,Bread - Hamburger Buns,etiam,138
139,2.21,Wine - Rubyport,neque sapien,139
140,4.81,Yogurt - Assorted Pack,lectus,140
141,16.29,"Soup - Cream Of Broccoli, Dry",vivamus,141
142,7.24,Pineapple - Golden,tristique in,142
143,15.2,"Jam - Strawberry, 20 Ml Jar",curae nulla,143
144,4.8,Cheese - Provolone,id turpis,144
145,2.46,Cookie - Oatmeal,curae,145
146,4.07,Cheese - Montery Jack,justo,146
147,4.52,Raspberries - Frozen,suspendisse,147
148,10.18,Corn Shoots,at ipsum,148
149,5.9,Cup - 8oz Coffee Perforated,elementum,149
150,6.95,Mushroom - Portebello,elit,150
151,4.02,White Fish - Filets,at,151
152,6.76,Sprouts - Onion,interdum,152
153,3.4,Papayas,nunc,153
154,8.94,"Fish - Base, Bouillion",pulvinar nulla,154
155,11.72,Broccoli - Fresh,tempus vel,155
156,8.7,Coffee - Hazelnut Cream,est,156
157,13.17,Pastry - Apple Muffins - Mini,eros viverra,157
158,3.8,Frangelico,neque,158
159,2.08,Galliano,nisi venenatis,159
160,16.71,Chocolate - Sugar Free Semi Choc,nunc,160
161,14.52,"Ecolab - Orange Frc, Cleaner",posuere cubilia,161
162,6.5,Smirnoff Green Apple Twist,porttitor lacus,162
163,10.84,"Chicken - Base, Ultimate",pretium,163
164,4.73,Cookies - Amaretto,ac leo,164
165,14.38,Pears - Bosc,congue,165
166,8.53,"Pineapple - Canned, Rings",congue,166
167,12.73,Soup - Base Broth Beef,quam,167
168,13.88,Beef Ground Medium,consequat nulla,168
169,9.36,"Nut - Peanut, Roasted",massa,169
170,12.91,Sprouts - Corn,eget rutrum,170
171,7.08,Jolt Cola,curabitur convallis,171
172,7.76,"Coffee - Colombian, Portioned",et,172
173,3.16,Bread - White Mini Epi,morbi,173
174,13.69,"Chocolate - Pistoles, White",urna pretium,174
175,13.05,"Oranges - Navel, 72",ultrices,175
176,8.6,"Split Peas - Green, Dry",metus,176
177,10.73,Oil - Safflower,sociis natoque,177
178,10.8,Cookie - Dough Variety,lobortis convallis,178
179,5.7,Lettuce - Arugula,a,179
180,16.81,"Tart Shells - Savory, 4",venenatis tristique,180
181,14.67,Salt - Table,mauris,181
182,12.63,Myers Planters Punch,lectus,182
183,14.16,Ocean Spray - Kiwi Strawberry,nunc,183
184,10.85,Quail - Jumbo,massa,184
185,5.23,Vanilla Beans,dictumst,185
186,5.3,Soup - Campbells Mushroom,viverra eget,186
187,11.31,"Pork - Sausage, Medium",lobortis,187
188,16.7,Quiche Assorted,convallis,188
189,12.23,"Beer - Alexander Kieths, Pale Ale",phasellus id,189
190,17.16,Cheese - Cheddarsliced,eu interdum,190
191,15.31,"Yogurt - Cherry, 175 Gr",praesent blandit,191
192,10.41,"Arctic Char - Fresh, Whole",purus aliquet,192
193,13.33,Cheese - Swiss,magnis,193
194,12.16,"Mushrooms - Black, Dried",tristique,194
195,17.27,Ham - Cooked Bayonne Tinned,cubilia curae,195
196,9.36,Foie Gras,luctus et,196
197,7.58,Bread - Burger,id,197
198,8.72,Veal - Liver,odio,198
199,4.91,Oil - Olive Bertolli,condimentum,199
200,9.18,Sugar - Palm,ligula,200
201,4.25,Langers - Mango Nectar,luctus nec,201
202,12.78,Wine - Port Late Bottled Vintage,bibendum,202
203,2.26,Chives - Fresh,ut odio,203
204,6.85,Ecolab Digiclean Mild Fm,ligula,204
205,7.69,Cheese - Brie,duis,205
206,14.45,Cranberries - Frozen,pellentesque,206
207,7.4,Salad Dressing,tristique est,207
208,11.44,"Yogurt - Blueberry, 175 Gr",mus etiam,208
209,4.54,Sauce - Thousand Island,rhoncus dui,209
210,8.8,Lambcasing,quisque,210
211,11.91,Nantuket Peach Orange,malesuada,211
212,17.52,Chocolate - Feathers,ut dolor,212
213,6.04,Sauce - Hp,orci,213
214,12.14,Bread - Bistro Sour,integer non,214
215,14.49,Beer - True North Strong Ale,varius nulla,215
216,5.07,Cookie Dough - Chunky,molestie,216
217,10.99,Nut - Macadamia,sapien,217
218,9.45,Cheese - Parmigiano Reggiano,aliquam,218
219,9.24,Ice Cream Bar - Hagen Daz,magnis,219
220,4.21,Apple - Custard,imperdiet,220
221,17.68,Yogurt - Assorted Pack,tellus,221
222,17.94,Ocean Spray - Kiwi Strawberry,nullam,222
223,8.8,Crab Meat Claw Pasteurise,enim blandit,223
224,3.37,Muffin Mix - Carrot,amet,224
225,5.51,"Pasta - Penne, Lisce, Dry",libero quis,225
226,9.54,Salmon - Sockeye Raw,lorem id,226
227,2.16,Eggplant - Baby,justo,227
228,9.45,Chicken - Bones,varius nulla,228
229,4.54,Wine - Pinot Grigio Collavini,sit amet,229
230,17.88,Compound - Pear,dolor quis,230
231,10.72,Wine - Chateau Bonnet,morbi vel,231
232,15.14,Spice - Paprika,dui vel,232
233,6.55,Dr. Pepper - 355ml,amet justo,233
234,6.33,"Soup - Knorr, Chicken Noodle",rhoncus,234
235,7.42,Ham - Proscuitto,fringilla rhoncus,235
236,2.17,Coriander - Ground,ultricies eu,236
237,8.14,Beans - Kidney White,tempus sit,237
238,15.02,Capers - Ox Eye Daisy,eget,238
239,14.8,"Mushroom - Oyster, Fresh",hac habitasse,239
240,2.51,Capers - Pickled,rhoncus aliquet,240
241,6.18,Maple Syrup,cras,241
242,12.76,"Carrots - Mini, Stem On",ante vivamus,242
243,16.66,Guinea Fowl,augue vestibulum,243
244,17.39,Tomato - Green,justo,244
245,10.51,Bagel - 12 Grain Preslice,ipsum,245
246,10.58,Bread - 10 Grain,venenatis lacinia,246
247,17.53,Cumin - Whole,nec,247
248,10.62,"Schnappes - Peach, Walkers",lorem,248
249,4.19,Ice Cream Bar - Hageen Daz To,nulla neque,249
250,13.76,Sour Puss Raspberry,vestibulum sit,250
251,14.46,Basil - Pesto Sauce,id,251
252,2.4,Pate Pans Yellow,faucibus orci,252
253,5.28,"Brandy - Orange, Mc Guiness",nulla,253
254,11.04,Salmon Atl.whole 8 - 10 Lb,erat nulla,254
255,8.15,Butter - Salted,elit proin,255
256,15.47,Flavouring - Raspberry,vestibulum,256
257,12.29,Wine - Prosecco Valdobienne,mauris,257
258,5.1,Sour Puss - Tangerine,montes nascetur,258
259,7.18,Pear - Prickly,proin risus,259
260,13.94,Dc - Sakura Fu,accumsan,260
261,13.33,Chicken Thigh - Bone Out,blandit,261
262,15.71,Pineapple - Regular,nulla justo,262
263,10.53,Cocoa Feuilletine,iaculis,263
264,9.13,Wine - Barolo Fontanafredda,pede morbi,264
265,15.03,Lamb - Loin Chops,justo maecenas,265
266,15.5,Tilapia - Fillets,mollis molestie,266
267,5.36,Vinegar - White Wine,montes nascetur,267
268,14.21,Beets - Golden,sed lacus,268
269,11.02,Yukon Jack,elit proin,269
270,3.48,"Cheese - Brie, Triple Creme",etiam,270
271,7.88,Sauce - Rosee,quam,271
272,12.57,Icecream Cone - Areo Chocolate,ornare consequat,272
273,11.58,Pear - Halves,at,273
274,17.84,Muffin Carrot - Individual,sit,274
275,14.8,"Yogurt - Peach, 175 Gr",dolor quis,275
276,13.76,Sauce Tomato Pouch,ac,276
277,17.62,Cheese - Asiago,nisi vulputate,277
278,11.12,Blueberries - Frozen,pretium,278
279,12.65,"Lamb - Leg, Diced",sed tristique,279
280,2.66,Nori Sea Weed - Gold Label,accumsan odio,280
281,12.49,Sage - Rubbed,in hac,281
282,8.53,Liqueur - Melon,neque sapien,282
283,7.82,"Pepper - Black, Whole",nisi nam,283
284,9.25,Wine - Red Oakridge Merlot,nulla,284
285,7.27,Pancetta,nullam,285
286,9.66,Tomato Paste,quis,286
287,4.25,Pastry - Raisin Muffin - Mini,dolor morbi,287
288,8.76,Langers - Cranberry Cocktail,volutpat quam,288
289,5.8,Croissants Thaw And Serve,lobortis sapien,289
290,6.05,"Ham - Smoked, Bone - In",sed magna,290
291,4.23,Salmon - Canned,ornare,291
292,12.14,Bread - 10 Grain,odio odio,292
293,2.73,"Tart Shells - Barquettes, Savory",pede ac,293
294,15.21,Puree - Passion Fruit,tortor id,294
295,15.02,Nestea - Iced Tea,non,295
296,3.19,Capon - Whole,sed vestibulum,296
297,6.64,Bag - Regular Kraft 20 Lb,blandit,297
298,4.85,"Cheese - Woolwich Goat, Log",tempor turpis,298
299,16.01,Arrowroot,cursus vestibulum,299
300,5.91,Breadfruit,a odio,300
301,8.51,"Pepper - Paprika, Hungarian",praesent blandit,301
302,13.05,Pork Loin Cutlets,amet,302
303,6.3,Pork - Belly Fresh,in,303
304,15.03,"Wine - White, French Cross",aliquet pulvinar,304
305,9.39,"Shrimp - Baby, Warm Water",lacus morbi,305
306,9.06,"Pork - Back, Long Cut, Boneless",diam neque,306
307,17.15,Wasabi Powder,at,307
308,13.36,Chocolate - Liqueur Cups With Foil,ultrices posuere,308
309,12.21,Chivas Regal - 12 Year Old,purus,309
310,8.68,Raspberries - Frozen,sed justo,310
311,3.5,Mushroom - Portebello,rhoncus,311
312,14.82,Calypso - Strawberry Lemonade,integer,312
313,4.22,Quail Eggs - Canned,amet,313
314,17.85,Pork - Backfat,lacus,314
315,8.04,Apple - Macintosh,pellentesque at,315
316,13.57,Sobe - Orange Carrot,condimentum,316
317,16.72,Cookie Choc,odio,317
318,17.55,Beef - Rib Eye Aaa,ac,318
319,16.47,"Doilies - 12, Paper",aliquam,319
320,13.88,Soup - Campbells Chili Veg,tincidunt,320
321,11.71,Bread Crumbs - Japanese Style,nibh,321
322,9.94,Curry Powder Madras,amet,322
323,14.28,Ezy Change Mophandle,justo etiam,323
324,16.24,Coffee - Almond Amaretto,velit,324
325,13.17,Butter Ripple - Phillips,diam vitae,325
326,15.87,Sauce - Caesar Dressing,pede venenatis,326
327,15.4,Wine - Casillero Del Diablo,eget tincidunt,327
328,3.11,Lamb Rack Frenched Australian,blandit,328
329,12.37,Lemon Tarts,lobortis,329
330,13.64,Bread - Multigrain,amet,330
331,14.24,Strawberries - California,posuere,331
332,7.04,Bread - 10 Grain,dictumst,332
333,8.42,Coconut Milk - Unsweetened,a,333
334,3.53,Plate Pie Foil,porttitor pede,334
335,17.59,Soho Lychee Liqueur,justo nec,335
336,2.12,Extract Vanilla Pure,ac nulla,336
337,3.09,Zucchini - Green,venenatis tristique,337
338,3.12,"Bread - Crumbs, Bulk",justo,338
339,17.89,Appetizer - Mango Chevre,scelerisque,339
340,15.27,Table Cloth 90x90 Colour,cursus id,340
341,10.74,Flour - Rye,massa,341
342,10.42,Beer - Creemore,rhoncus mauris,342
343,7.6,Tomato Paste,justo,343
344,2.45,Oats Large Flake,tristique,344
345,6.56,Jameson - Irish Whiskey,natoque penatibus,345
346,5.48,Pork - Suckling Pig,at turpis,346
347,12.08,Cookie - Dough Variety,eget elit,347
348,16.29,"Rum - Dark, Bacardi, Black",et magnis,348
349,9.63,Sun - Dried Tomatoes,ut rhoncus,349
350,4.13,Wine - Chablis J Moreau Et Fils,orci eget,350
351,15.21,Scallop - St. Jaques,mauris laoreet,351
352,14.42,Spinach - Spinach Leaf,penatibus,352
353,10.24,Latex Rubber Gloves Size 9,vel,353
354,3.79,Beer - Fruli,luctus et,354
355,13.11,Wine - Ej Gallo Sonoma,quam pede,355
356,16.23,Beef - Tenderloin Tails,vel,356
357,9.43,Cookie Dough - Chunky,justo,357
358,15.89,Sardines,in hac,358
359,14.14,Beef - Cow Feet Split,pede morbi,359
360,13.39,Crackers - Water,vivamus,360
361,3.17,Wine - Duboeuf Beaujolais,duis,361
362,10.71,V8 - Berry Blend,cras mi,362
363,4.85,Red Currant Jelly,tortor,363
364,8.83,"Beans - Black Bean, Canned",mauris enim,364
365,10.07,"Soup - Cream Of Broccoli, Dry",nascetur ridiculus,365
366,6.62,Cheese - Wine,purus,366
367,13.55,Cheese - Comtomme,leo maecenas,367
368,10.0,Salmon - Canned,ante vivamus,368
369,7.64,Cheese - Gouda Smoked,lorem quisque,369
370,4.95,Cornstarch,sed nisl,370
371,7.59,Cake - Cheese Cake 9 Inch,augue luctus,371
372,17.63,Salami - Genova,lectus in,372
373,10.03,Water - Perrier,in,373
374,11.48,Radish,sociis,374
375,9.24,Wine - Valpolicella Masi,semper rutrum,375
376,8.36,Soy Protein,risus praesent,376
377,5.47,Kirsch - Schloss,consectetuer,377
378,15.07,Bread - Multigrain,in,378
379,9.22,Parsley - Dried,magna,379
380,11.66,Kellogs Special K Cereal,amet,380
381,3.12,Pepper - Cubanelle,dictumst,381
382,13.21,Sprouts - Onion,ridiculus,382
383,17.62,Mushroom - Lg - Cello,vulputate vitae,383
384,13.99,Syrup - Monin - Granny Smith,luctus ultricies,384
385,8.22,Sprouts - Brussel,consequat,385
386,6.98,Isomalt,ac nulla,386
387,8.0,Pastry - Apple Large,faucibus accumsan,387
388,14.5,Vaccum Bag - 14x20,libero nullam,388
389,15.47,Lemonade - Pineapple Passion,praesent id,389
390,2.93,"Wine - Mas Chicet Rose, Vintage",tellus,390
391,14.72,Mussels - Frozen,turpis,391
392,8.8,Sugar - Palm,nulla,392
393,6.44,Bag - Clear 7 Lb,montes nascetur,393
394,16.74,"Roe - Lump Fish, Red",ornare,394
395,10.21,Bay Leaf Fresh,odio,395
396,15.99,Sambuca Cream,sed,396
397,3.27,Pastry - Trippleberry Muffin - Mini,ligula vehicula,397
398,3.31,Appetiser - Bought,eget,398
399,7.57,Sprouts - Onion,aliquet pulvinar,399
400,4.38,Cheese - La Sauvagine,posuere,400
401,14.96,Beans - Kidney White,at,401
402,6.96,Bread - Triangle White,magnis,402
403,11.27,Milk - 2% 250 Ml,accumsan,403
404,15.05,"Veal - Tenderloin, Untrimmed",convallis,404
405,3.18,Ecolab - Lime - A - Way 4/4 L,hac habitasse,405
406,12.41,Chick Peas - Canned,ultrices aliquet,406
407,7.31,Phyllo Dough,habitasse,407
408,6.72,"Mushroom - Chanterelle, Dry",cras pellentesque,408
409,16.0,Pepper - Red Chili,molestie,409
410,14.49,Cheese - Perron Cheddar,donec odio,410
411,15.5,Food Colouring - Green,lobortis convallis,411
412,8.72,Ice Cream Bar - Oreo Sandwich,natoque penatibus,412
413,2.65,Creamers - 10%,et,413
414,8.0,Apron,nisl duis,414
415,14.0,Crackers - Trio,sed justo,415
416,14.32,Wine - Savigny - Les - Beaune,turpis,416
417,8.25,Olives - Nicoise,mauris,417
418,13.08,Cheese - Taleggio D.o.p.,quam,418
419,17.83,Sprouts - Bean,leo odio,419
420,2.44,Beef - Top Sirloin,sagittis nam,420
421,2.66,Cookie Dough - Chocolate Chip,nec,421
422,12.82,Wine - Clavet Saint Emilion,aliquam non,422
423,3.64,Seaweed Green Sheets,dapibus,423
424,9.51,Wine - Ruffino Chianti Classico,sapien dignissim,424
425,2.15,Pancetta,cum,425
426,9.41,Wine - Chardonnay South,consequat nulla,426
427,17.92,Chicken - Wieners,massa donec,427
428,8.36,"Jam - Blackberry, 20 Ml Jar",lorem,428
429,9.0,Chocolate - Mi - Amere Semi,felis donec,429
430,16.91,Juice - V8 Splash,mauris enim,430
431,7.17,Raspberries - Fresh,justo sit,431
432,4.87,Flower - Potmums,nisi,432
433,10.22,Wild Boar - Tenderloin,pellentesque,433
434,16.36,Mangoes,posuere,434
435,17.37,"Quail - Whole, Bone - In",quam,435
436,8.8,Wine - Guy Sage Touraine,id,436
437,3.54,Shichimi Togarashi Peppeers,dis parturient,437
438,11.84,"Capon - Breast, Wing On",pede ac,438
439,3.43,"Wine - Red, Wolf Blass, Yellow",duis,439
440,6.44,"Water - Mineral, Carbonated",id,440
441,7.93,Wine - Two Oceans Cabernet,eu,441
442,16.32,Ezy Change Mophandle,neque vestibulum,442
443,9.1,Cranberry Foccacia,donec,443
444,15.97,"Soup - French Onion, Dry",vitae,444
445,14.33,Chicken - Ground,nulla,445
446,16.53,Chocolate - Dark Callets,amet cursus,446
447,16.45,Peach - Fresh,mauris enim,447
448,2.59,Corn - On The Cob,volutpat quam,448
449,7.42,Bread Sour Rolls,venenatis non,449
450,9.92,"Lentils - Red, Dry",nulla tellus,450
451,9.29,Beer - Labatt Blue,curabitur at,451
452,17.43,Tea - Black Currant,augue vel,452
453,4.22,Icecream Cone - Areo Chocolate,quam,453
454,5.51,Plastic Arrow Stir Stick,auctor,454
455,10.3,Wine - Sauvignon Blanc Oyster,a feugiat,455
456,12.9,Tart - Pecan Butter Squares,purus,456
457,6.61,Sour Puss Sour Apple,duis,457
458,14.92,Instant Coffee,augue,458
459,6.11,Wine - Ice Wine,vitae quam,459
460,15.8,Pear - Packum,arcu,460
461,8.14,Shrimp - 150 - 250,vel,461
462,9.29,Energy Drink - Franks Pineapple,proin,462
463,8.56,"Doilies - 5, Paper",diam,463
464,13.58,Gooseberry,ipsum,464
465,9.23,Fib N9 - Prague Powder,vel,465
466,6.55,"Lamb - Leg, Diced",lorem integer,466
467,9.5,"Gingerale - Schweppes, 355 Ml",luctus ultricies,467
468,5.66,Peppercorns - Green,turpis nec,468
469,14.44,Cheese - Montery Jack,ipsum,469
470,7.87,Chicken Breast Halal,ultrices phasellus,470
471,8.24,Cleaner - Lime Away,parturient montes,471
472,15.22,Tea - Herbal I Love Lemon,erat volutpat,472
473,2.02,Banana - Green,congue eget,473
474,17.87,Plate Foam Laminated 9in Blk,eget nunc,474
475,14.36,Chocolate - Milk,in tempus,475
476,3.44,"Wine - Niagara,vqa Reisling",duis mattis,476
477,9.97,"Beef - Outside, Round",quis,477
478,13.18,Rye Special Old,et,478
479,14.02,Melon - Honey Dew,vivamus,479
480,17.19,"Vodka - Hot, Lnferno",ultrices vel,480
481,13.13,Truffle - Whole Black Peeled,vestibulum sit,481
482,6.31,Orange - Tangerine,id,482
483,8.85,Pears - Bosc,nisi at,483
484,9.87,Lentils - Green Le Puy,orci luctus,484
485,11.78,Pie Filling - Pumpkin,diam neque,485
486,4.04,"Wine - Cahors Ac 2000, Clos",montes nascetur,486
487,6.0,V8 - Vegetable Cocktail,ante ipsum,487
488,13.29,"Peas - Pigeon, Dry",sed sagittis,488
489,4.0,Squash - Guords,sapien,489
490,15.02,Beef - Inside Round,consequat dui,490
491,4.62,"Bread - Roll, Calabrese",nullam porttitor,491
492,11.91,Bread - Bistro White,blandit,492
493,8.0,Wooden Mop Handle,justo,493
494,4.62,Drambuie,dictumst,494
495,8.76,Pears - Bosc,ac nulla,495
496,2.17,Beans - Butter Lrg Lima,platea,496
497,7.47,Walkers Special Old Whiskey,libero quis,497
498,7.01,Venison - Liver,pede posuere,498
499,8.37,"Wine - Mas Chicet Rose, Vintage",in hac,499
500,13.26,Flour - Strong Pizza,non interdum,500
501,9.13,Cabbage - Nappa,cras mi,501
502,3.14,Turkey Tenderloin Frozen,amet,502
503,12.36,Pear - Asian,etiam justo,503
504,5.11,"Pasta - Penne, Rigate, Dry",suspendisse,504
505,2.15,Muffin Mix - Blueberry,mauris vulputate,505
506,6.74,Table Cloth 53x69 White,ultrices,506
507,10.15,Juice - Apple Cider,morbi,507
508,4.13,Longos - Lasagna Veg,volutpat,508
509,13.49,Cake - Mini Cheesecake,sit amet,509
510,12.71,"Chicken - Leg, Fresh",ut,510
511,2.65,Beans - Green,tincidunt in,511
512,2.98,"Oil - Truffle, Black",dictumst,512
513,8.57,Scallops - 20/30,tempor turpis,513
514,11.8,Heavy Duty Dust Pan,id turpis,514
515,12.59,"Turkey - Whole, Fresh",parturient,515
516,17.53,Cookie Dough - Oatmeal Rasin,lectus suspendisse,516
517,9.52,Shopper Bag - S - 4,massa,517
518,3.79,Cheese - Pont Couvert,accumsan,518
519,2.69,Wine - Magnotta - Bel Paese White,condimentum,519
520,14.79,Salt And Pepper Mix - White,id,520
521,7.49,Taro Leaves,a odio,521
522,14.16,Beef - Cow Feet Split,eget,522
523,7.78,Dc - Sakura Fu,sagittis,523
524,13.58,Wine - Redchard Merritt,ultrices,524
525,8.88,"Juice - Orange, Concentrate",sed sagittis,525
526,12.62,Napkin - Beverage 1 Ply,est,526
527,14.37,Cookies - Amaretto,enim blandit,527
528,13.56,Wine - Sogrape Mateus Rose,lorem,528
529,15.2,Chocolate - Unsweetened,consequat in,529
530,12.29,Potatoes - Idaho 100 Count,pellentesque volutpat,530
531,10.59,Dill Weed - Dry,molestie nibh,531
532,2.6,Sambuca - Opal Nera,id,532
533,15.04,Cookie - Dough Variety,luctus et,533
534,16.92,Bacardi Mojito,nulla,534
535,5.12,Cornflakes,tempus vivamus,535
536,16.07,"Pasta - Penne, Lisce, Dry",magna,536
537,3.77,Sachet,in,537
538,6.35,Cookie Dough - Chunky,luctus,538
539,12.66,Glass - Juice Clear 5oz 55005,imperdiet nullam,539
540,14.85,Guava,faucibus orci,540
541,11.28,"Juice - Orange, Concentrate",nulla suspendisse,541
542,3.91,"Quail - Eggs, Fresh",vestibulum sit,542
543,7.12,English Muffin,interdum,543
544,6.54,Wine - Vouvray Cuvee Domaine,ac lobortis,544
545,5.54,"Hickory Smoke, Liquid",consequat dui,545
546,15.35,French Pastries,tincidunt eget,546
547,12.47,Beer - Mill St Organic,nec,547
548,14.0,English Muffin,non,548
549,12.41,"Capon - Breast, Double, Wing On",nulla,549
550,6.27,"Carrots - Purple, Organic",lacinia,550
551,11.92,Bacardi Raspberry,venenatis,551
552,9.81,Chicken - Whole Fryers,lectus,552
553,9.92,Spring Roll Veg Mini,ut,553
554,14.26,Flour - Whole Wheat,dolor vel,554
555,2.92,"Pepper - Paprika, Hungarian",dui nec,555
556,3.77,Beef - Top Butt,vel est,556
557,12.31,Beer - Heinekin,in,557
558,14.32,Sun - Dried Tomatoes,imperdiet,558
559,14.93,"Shrimp, Dried, Small / Lb",dui,559
560,11.84,Mushroom Morel Fresh,rhoncus aliquet,560
561,7.01,"Wine - Red, Marechal Foch",justo,561
562,8.15,"Wine - Red, Pelee Island Merlot",commodo,562
563,17.12,Wine - Chardonnay South,nulla,563
564,9.09,Mikes Hard Lemonade,velit vivamus,564
565,6.68,Brandy Apricot,lectus,565
566,6.73,Cocoa Butter,aenean fermentum,566
567,6.11,"Soup - Knorr, Veg / Beef",ipsum primis,567
568,11.8,Uniform Linen Charge,non sodales,568
569,7.91,Bread - Bistro Sour,justo,569
570,11.33,Peppercorns - Green,mi,570
571,6.63,Sherbet - Raspberry,magnis dis,571
572,7.44,Soup - Campbells,at dolor,572
573,13.86,Dc Hikiage Hira Huba,vel,573
574,11.24,Eggplant Italian,dapibus,574
575,11.02,Fudge - Chocolate Fudge,in hac,575
576,10.48,Pate Pans Yellow,elementum ligula,576
577,11.07,Wine - Vineland Estate Semi - Dry,donec,577
578,2.84,Cheese - Swiss,elit sodales,578
579,11.55,Wine - Black Tower Qr,nulla,579
580,12.12,Soup - French Onion,in,580
581,6.33,Wine - Ruffino Chianti,justo,581
582,2.49,Beef - Texas Style Burger,turpis,582
583,14.33,Squeeze Bottle,pharetra magna,583
584,17.47,Wine - Cotes Du Rhone Parallele,nibh,584
585,7.97,Foil Cont Round,convallis tortor,585
586,14.01,Wine - Casillero Deldiablo,augue vel,586
587,4.46,"Cake Circle, Paprus",dapibus dolor,587
588,16.08,Bagel - Everything Presliced,in,588
589,9.78,Tobasco Sauce,nullam porttitor,589
590,6.46,Compound - Raspberry,neque libero,590
591,3.88,Bread - Olive Dinner Roll,urna ut,591
592,15.08,Bonito Flakes - Toku Katsuo,in,592
593,6.52,Pepper - Cayenne,platea,593
594,6.52,Appetizer - Chicken Satay,vestibulum ante,594
595,4.46,"Juice - Tomato, 48 Oz",a,595
596,16.35,Juice - Lemon,orci,596
597,12.89,Table Cloth - 53x69 Colour,quisque,597
598,5.47,Salmon - Fillets,vestibulum velit,598
599,11.35,"Soup - Beef, Base Mix",ultrices mattis,599
600,17.45,Cheese - Brie Roitelet,aliquet,600
601,16.16,Tomato - Plum With Basil,integer,601
602,9.0,Sauce - Roasted Red Pepper,pellentesque eget,602
603,17.45,Table Cloth 81x81 White,donec dapibus,603
604,6.88,The Pop Shoppe - Grape,vulputate,604
605,7.91,Cheese - St. Andre,ut,605
606,2.92,Glove - Cutting,suspendisse,606
607,10.04,Seabream Whole Farmed,dolor,607
608,16.19,Celery Root,nullam molestie,608
609,10.73,Momiji Oroshi Chili Sauce,rhoncus,609
610,17.89,"Tendrils - Baby Pea, Organic",augue vel,610
611,6.65,"Capon - Breast, Wing On",penatibus et,611
612,3.63,Vinegar - Tarragon,quam suspendisse,612
613,15.74,Soup - Campbellschix Stew,nonummy maecenas,613
614,12.42,Artichokes - Jerusalem,et,614
615,7.98,"Wine - Red, Wolf Blass, Yellow",turpis adipiscing,615
616,3.06,Beer - Rickards Red,orci,616
617,4.44,Oil - Sesame,eu,617
618,3.9,Lettuce - California Mix,quam suspendisse,618
619,13.42,Cookie Trail Mix,convallis,619
620,15.88,Cheese - Bocconcini,eget semper,620
621,3.2,Wine - Fat Bastard Merlot,porttitor lacus,621
622,15.58,Durian Fruit,consequat morbi,622
623,4.33,"Yogurt - Strawberry, 175 Gr",montes,623
624,16.67,"Sugar - Brown, Individual",odio,624
625,7.0,Cheese - Asiago,velit eu,625
626,3.41,"Chilli Paste, Hot Sambal Oelek",tortor,626
627,13.62,"Pasta - Lasagne, Fresh",faucibus,627
628,4.86,Squash - Butternut,blandit ultrices,628
629,3.38,Tomatoes - Hot House,vestibulum sit,629
630,15.06,Pork - Backs - Boneless,neque sapien,630
631,10.67,Cauliflower,maecenas rhoncus,631
632,3.07,Contreau,justo,632
633,11.34,Mayonnaise - Individual Pkg,tempus sit,633
634,14.26,Muffin Mix - Blueberry,ut tellus,634
635,17.29,Oil - Grapeseed Oil,vel,635
636,7.35,"Juice - Apple, 500 Ml",nisi vulputate,636
637,15.58,Sauce - Fish 25 Ozf Bottle,in,637
638,4.84,Cookies - Assorted,convallis tortor,638
639,9.46,Chicken - Bones,aliquet at,639
640,8.71,Cattail Hearts,fusce,640
641,16.64,"Chilli Paste, Sambal Oelek",ultrices posuere,641
642,12.78,Filo Dough,praesent blandit,642
643,8.1,Lettuce - Curly Endive,sapien,643
644,2.93,Salmon - Canned,cras,644
645,13.55,Wine - Toasted Head,vivamus,645
646,8.73,"Veal - Leg, Provimi - 50 Lb Max",semper,646
647,14.33,Urban Zen Drinks,quam,647
648,2.77,Smoked Paprika,aliquam,648
649,2.54,Veal - Leg,in hac,649
650,10.41,"Pork - Sausage, Medium",quisque,650
651,5.94,Swordfish Loin Portions,duis,651
652,5.71,Fork - Plastic,nisi,652
653,7.32,Bread - Ciabatta Buns,accumsan tortor,653
654,11.73,Milk Powder,amet lobortis,654
655,16.89,Muffin Orange Individual,congue,655
656,2.6,Garam Masala Powder,justo,656
657,15.34,Tea - Lemon Green Tea,nulla,657
658,10.33,Raspberries - Frozen,semper,658
659,7.82,"Wine - White, Cooking",sapien dignissim,659
660,2.93,Pepper - Gypsy Pepper,nam dui,660
661,5.29,Pastry - Plain Baked Croissant,sit,661
662,11.06,Ostrich - Fan Fillet,a,662
663,14.44,Egg Patty Fried,feugiat,663
664,10.16,Sauce - Oyster,tempor turpis,664
665,8.31,Cheese - Goat With Herbs,orci nullam,665
666,3.39,Savory,interdum mauris,666
667,2.78,Lime Cordial - Roses,proin,667
668,7.43,Chicken Breast Halal,nisl,668
669,17.35,Tequila Rose Cream Liquor,in,669
670,7.3,Prunes - Pitted,magnis,670
671,12.07,Table Cloth 90x90 White,sapien,671
672,14.5,Chocolate - Sugar Free Semi Choc,nonummy,672
673,17.94,Gelatine Powder,ullamcorper,673
674,7.54,"Mushroom - Porcini, Dry",vel enim,674
675,7.67,Lettuce - Escarole,neque vestibulum,675
676,2.29,Mangoes,pellentesque ultrices,676
677,10.96,"C - Plus, Orange",adipiscing lorem,677
678,16.22,"Spoon - Soup, Plastic",nec condimentum,678
679,3.35,"Wine - Red, Pelee Island Merlot",praesent,679
680,12.0,Muffin - Mix - Mango Sour Cherry,penatibus,680
681,5.2,Salmon - Canned,sapien,681
682,17.2,Veal - Provimi Inside,nunc,682
683,9.48,Amaretto,eleifend quam,683
684,13.38,"Corn - Cream, Canned",purus,684
685,14.23,Venison - Racks Frenched,nibh,685
686,15.23,Kaffir Lime Leaves,suspendisse ornare,686
687,12.63,"Carrots - Mini, Stem On",ultrices,687
688,3.46,Vinegar - Cider,morbi sem,688
689,10.76,Rice - Brown,ridiculus mus,689
690,17.58,Beef - Tender Tips,sollicitudin,690
691,14.63,Bouq All Italian - Primerba,est,691
692,15.01,Jack Daniels,metus sapien,692
693,14.39,Plasticforkblack,justo,693
694,15.96,Sour Puss Sour Apple,ipsum primis,694
695,10.12,Cookies - Englishbay Wht,sapien,695
696,9.09,Beef - Top Sirloin - Aaa,tortor risus,696
697,11.55,Squid Ink,fringilla,697
698,9.65,Cookies Oatmeal Raisin,at lorem,698
699,6.55,Pie Shells 10,diam,699
700,2.77,Cheese - Montery Jack,eget,700
701,13.89,Flour - Semolina,nec euismod,701
702,5.94,Mix - Cappucino Cocktail,sit amet,702
703,2.86,Peppercorns - Pink,rutrum,703
704,9.33,Pastry - Key Limepoppy Seed Tea,morbi,704
705,15.31,Veal - Bones,ipsum primis,705
706,2.77,Duck - Legs,nulla,706
707,8.97,Gatorade - Xfactor Berry,nec,707
708,9.47,"Pepper - Julienne, Frozen",eleifend,708
709,14.97,Oregano - Fresh,vivamus tortor,709
710,10.53,"Coconut - Shredded, Unsweet",pellentesque,710
711,16.72,Quail - Jumbo Boneless,morbi odio,711
712,5.13,"Ice - Clear, 300 Lb For Carving",quam pede,712
713,2.86,Coffee - 10oz Cup 92961,sit amet,713
714,14.9,Wine - Pinot Noir Mondavi Coastal,sapien,714
715,2.23,Muffin Mix - Lemon Cranberry,a pede,715
716,4.93,Longos - Greek Salad,consequat,716
717,10.54,"Crab - Dungeness, Whole",est quam,717
718,8.39,Fennel - Seeds,enim leo,718
719,9.93,Salt And Pepper Mix - White,metus vitae,719
720,10.3,Mushroom - White Button,mauris,720
721,8.82,Beef - Top Sirloin,in leo,721
722,11.42,"Shrimp - 16/20, Iqf, Shell On",convallis eget,722
723,16.72,"Coke - Diet, 355 Ml",erat fermentum,723
724,7.89,Pasta - Orecchiette,cursus id,724
725,2.86,Soup - Campbells Mushroom,rutrum nulla,725
726,12.77,Cookie Dough - Oatmeal Rasin,id lobortis,726
727,13.37,Nori Sea Weed - Gold Label,elementum,727
728,15.09,Bread - Pain Au Liat X12,sit amet,728
729,14.83,"Soup - Beef, Base Mix",parturient montes,729
730,11.14,"Cheese - Havarti, Roasted Garlic",et commodo,730
731,5.45,Huck Towels White,adipiscing,731
732,10.07,Chinese Foods - Chicken Wing,mattis pulvinar,732
733,15.06,Mace,lectus,733
734,14.78,Oil - Grapeseed Oil,at nibh,734
735,4.28,Chocolate Bar - Smarties,justo,735
736,10.69,Cake - Cheese Cake 9 Inch,nulla mollis,736
737,3.27,"Iced Tea - Lemon, 340ml",fusce posuere,737
738,11.98,Island Oasis - Peach Daiquiri,nascetur,738
739,5.34,Honey - Comb,quisque,739
740,16.41,"Jam - Strawberry, 20 Ml Jar",interdum,740
741,4.49,Beans - Fine,lacinia eget,741
742,15.53,Melon - Honey Dew,consectetuer,742
743,6.24,"Pepper - Black, Ground",convallis eget,743
744,16.1,Clam - Cherrystone,phasellus,744
745,11.24,Cheese - Marble,sit amet,745
746,15.78,Oil - Sesame,suscipit,746
747,3.07,Wine - Chardonnay Mondavi,leo rhoncus,747
748,11.81,Thermometer Digital,molestie hendrerit,748
749,4.16,Wine - Pinot Grigio Collavini,ridiculus,749
750,6.66,Creme De Banane - Marie,at turpis,750
751,8.93,"Lamb - Leg, Diced",eleifend,751
752,13.84,Chickhen - Chicken Phyllo,nascetur,752
753,2.55,Venison - Racks Frenched,fermentum,753
754,12.02,Chinese Foods - Cantonese,erat vestibulum,754
755,9.33,Wood Chips - Regular,quis odio,755
756,12.35,Remy Red Berry Infusion,sed,756
757,16.18,Glove - Cutting,vel,757
758,11.99,Apron,dapibus,758
759,4.74,Muffin - Mix - Bran And Maple 15l,eros suspendisse,759
760,12.8,Sausage - Liver,id pretium,760
761,8.3,Ham - Black Forest,tempus,761
762,9.11,Table Cloth 54x72 Colour,vel accumsan,762
763,8.04,Trueblue - Blueberry 12x473ml,ultrices,763
764,3.86,Glass Clear 8 Oz,diam,764
765,10.51,Mushroom Morel Fresh,rutrum,765
766,2.04,Scrubbie - Scotchbrite Hand Pad,et,766
767,4.97,Wine - Clavet Saint Emilion,quisque erat,767
768,16.35,Bread - White Mini Epi,semper rutrum,768
769,9.6,Bar Special K,duis,769
770,8.83,Daves Island Stinger,ut massa,770
771,3.91,Veal - Kidney,integer tincidunt,771
772,5.84,"Marsala - Sperone, Fine, D.o.c.",curae duis,772
773,6.57,"Coconut - Shredded, Sweet",amet,773
774,6.45,"Beans - Black Bean, Preserved",hac habitasse,774
775,8.07,Bagelers - Cinn / Brown,posuere cubilia,775
776,12.63,Wine - Marlbourough Sauv Blanc,praesent blandit,776
777,13.29,"Artichokes - Knobless, White",cras,777
778,5.98,Wine - Placido Pinot Grigo,a,778
779,10.25,"Wine - White, Mosel Gold",vitae mattis,779
780,15.4,Beer - Paulaner Hefeweisse,id,780
781,11.5,Banana,in purus,781
782,13.0,Cheese - Cottage Cheese,lorem ipsum,782
783,3.86,Steel Wool,orci mauris,783
784,5.78,"Mushroom - Enoki, Dry",pede posuere,784
785,12.53,External Supplier,sit amet,785
786,9.35,"Crab - Claws, 26 - 30",sed augue,786
787,8.37,"Bread - Roll, Whole Wheat",suspendisse,787
788,2.6,Mushroom - Crimini,ut,788
789,3.06,"Bread - White, Sliced",dapibus duis,789
790,4.37,Wine - Ice Wine,commodo,790
791,13.78,Schnappes Peppermint - Walker,sociis,791
792,11.51,Ginger - Fresh,volutpat,792
793,15.99,Dish Towel,ut,793
794,10.56,"Seedlings - Mix, Organic",ante ipsum,794
795,13.18,Bagelers,pede,795
796,7.68,Wine - Valpolicella Masi,a,796
797,3.35,Dawn Professionl Pot And Pan,imperdiet,797
798,16.19,Wine - Pinot Noir Stoneleigh,montes nascetur,798
799,13.37,Jello - Assorted,vestibulum,799
800,3.24,Table Cloth 62x114 White,velit,800
801,15.95,Wood Chips - Regular,morbi a,801
802,11.86,Blueberries - Frozen,quis,802
803,4.87,Broom Handle,lectus aliquam,803
804,5.07,Cheese - Ricotta,dolor,804
805,10.95,Wine - Sogrape Mateus Rose,magna ac,805
806,14.23,Cilantro / Coriander - Fresh,id turpis,806
807,4.84,Oxtail - Cut,fusce lacus,807
808,9.25,Bagelers - Cinn / Brown Sugar,neque aenean,808
809,2.73,Wine - Stoneliegh Sauvignon,morbi vestibulum,809
810,11.07,Coconut - Whole,turpis,810
811,14.78,Beets - Pickled,maecenas,811
812,5.56,Red Currants,volutpat,812
813,3.88,Seabream Whole Farmed,montes,813
814,12.74,Zucchini - Yellow,pede ac,814
815,12.38,Ecolab - Balanced Fusion,bibendum,815
816,4.07,Wine - Clavet Saint Emilion,feugiat,816
817,2.96,"Bread - Bagels, Mini",interdum mauris,817
818,10.71,Spice - Peppercorn Melange,quam sapien,818
819,8.53,Potatoes - Idaho 100 Count,ante,819
820,13.91,Cabbage - Savoy,velit,820
821,9.65,Salt - Table,sapien a,821
822,17.2,Wine - Sauvignon Blanc,aliquam quis,822
823,8.64,Ecolab - Hobart Upr Prewash Arm,cursus,823
824,7.39,Soup - Campbells Asian Noodle,pharetra,824
825,14.1,Tomatoes - Heirloom,quisque erat,825
826,14.86,Flavouring - Orange,quis justo,826
827,17.61,Sugar - Crumb,in felis,827
828,10.22,Wine - Rubyport,orci pede,828
829,4.2,"Juice - Apple, 1.36l",convallis,829
830,2.37,Bar Nature Valley,mauris,830
831,9.4,Chef Hat 25cm,nunc,831
832,5.49,"Octopus - Baby, Cleaned",est,832
833,6.75,"Wine - Red, Cabernet Sauvignon",urna ut,833
834,16.69,Jolt Cola - Electric Blue,quisque,834
835,4.44,Soup - Campbells Tomato Ravioli,donec pharetra,835
836,3.85,Bread - Focaccia Quarter,lacus,836
837,10.15,Pants Custom Dry Clean,aliquam lacus,837
838,15.36,"Lamb - Leg, Bone In",ipsum,838
839,11.72,Huck White Towels,etiam justo,839
840,16.18,"Oil - Truffle, Black",ultrices enim,840
841,12.03,Ice Cream - Chocolate,consequat,841
842,16.35,"Wine - Niagara,vqa Reisling",molestie hendrerit,842
843,14.93,Bagelers,ut,843
844,13.76,"Chilli Paste, Sambal Oelek",quisque id,844
845,8.14,Fruit Mix - Light,sed nisl,845
846,9.9,Salmon Steak - Cohoe 6 Oz,ac,846
847,13.52,Carbonated Water - Lemon Lime,felis fusce,847
848,3.19,"Wine - Red, Concha Y Toro",habitasse,848
849,17.77,Bread - Onion Focaccia,at velit,849
850,2.42,Beer - Blue Light,morbi porttitor,850
851,14.96,Beef Flat Iron Steak,id,851
852,16.34,Cherries - Fresh,justo,852
853,4.65,Pastry - Chocolate Chip Muffin,massa tempor,853
854,15.35,Pomegranates,nulla quisque,854
855,7.32,Ecolab - Hobart Washarm End Cap,cubilia,855
856,2.52,Mints - Striped Red,ante ipsum,856
857,7.09,Veal - Eye Of Round,libero non,857
858,8.63,Bread - Italian Roll With Herbs,lorem,858
859,16.43,Rambutan,in hac,859
860,8.84,Bread - Mini Hamburger Bun,a,860
861,5.01,Grapefruit - White,vel,861
862,9.0,Energy Drink Bawls,lorem,862
863,2.45,"Basil - Dry, Rubbed",sed,863
864,8.5,Clams - Canned,aenean lectus,864
865,3.99,Muffin Batt - Choc Chk,vel nisl,865
866,3.17,Water - Green Tea Refresher,volutpat,866
867,6.26,Mussels - Cultivated,pulvinar sed,867
868,17.19,Shiro Miso,ullamcorper purus,868
869,15.49,Cheese - Wine,a,869
870,13.97,Steampan - Half Size Shallow,volutpat eleifend,870
871,16.71,"Pork - Butt, Boneless",vestibulum,871
872,6.05,Lettuce - Red Leaf,purus phasellus,872
873,13.44,Extract - Lemon,nunc,873
874,5.12,Crush - Cream Soda,in lacus,874
875,5.39,Eggwhite Frozen,rhoncus aliquam,875
876,14.65,"Bread - Bagels, Plain",ultrices,876
877,12.75,"Pail - 4l White, With Handle",turpis integer,877
878,3.79,Juice - Prune,amet eleifend,878
879,14.87,Flower - Potmums,sed,879
880,4.6,Bread - Burger,non,880
881,8.12,Cheese - Asiago,dapibus augue,881
882,5.28,Soup - Campbells Broccoli,consectetuer,882
883,13.72,Cookies Cereal Nut,congue,883
884,14.55,Vol Au Vents,lectus in,884
885,16.0,Wine - Port Late Bottled Vintage,nibh,885
886,14.94,"Bread - Pullman, Sliced",nullam,886
887,13.33,Tarragon - Fresh,vestibulum velit,887
888,8.32,Marzipan 50/50,sociis natoque,888
889,10.55,"Mustard - Dry, Powder",platea dictumst,889
890,6.83,Cheese - Cheddar With Claret,eu,890
891,14.23,Wasabi Powder,orci pede,891
892,9.96,"Olives - Black, Pitted",felis eu,892
893,16.17,Salt - Sea,consequat,893
894,11.65,Pork - Sausage Casing,primis in,894
895,17.84,Garbage Bags - Clear,at lorem,895
896,13.27,Shrimp - Black Tiger 8 - 12,leo rhoncus,896
897,12.65,"Cheese - Havarti, Salsa",vel nisl,897
898,8.32,"Pasta - Rotini, Dry",ut,898
899,7.13,Cheese - Perron Cheddar,curabitur at,899
900,14.0,Cookies - Englishbay Wht,mattis,900
901,2.21,Sprouts - Baby Pea Tendrils,in blandit,901
902,17.98,V8 - Tropical Blend,tincidunt,902
903,11.63,"Ham - Smoked, Bone - In",sagittis,903
904,15.0,Wine - Fume Blanc Fetzer,sapien arcu,904
905,12.19,"Beans - Kidney, Red Dry",in,905
906,11.16,Miso Paste White,dolor,906
907,4.18,Beef Flat Iron Steak,magna,907
908,10.23,Sauce - Plum,in quam,908
909,16.35,Veal Inside - Provimi,praesent id,909
910,7.65,Beer - Fruli,justo,910
911,9.45,Coffee - Almond Amaretto,sapien,911
912,2.21,Spaghetti Squash,purus,912
913,4.62,Soup - Cream Of Broccoli,urna,913
914,10.07,"Wine - Red, Cabernet Merlot",euismod,914
915,13.63,"Wine - Red, Pinot Noir, Chateau",phasellus,915
916,16.8,"Beef - Rib Roast, Cap On",cursus vestibulum,916
917,2.13,Foam Cup 6 Oz,faucibus,917
918,9.01,Pastry - Baked Scones - Mini,iaculis,918
919,10.82,Vinegar - Rice,in porttitor,919
920,12.64,Bread - Burger,curabitur,920
921,13.43,Truffle Shells - Semi - Sweet,nulla,921
922,9.21,Island Oasis - Peach Daiquiri,quisque,922
923,8.69,Beans - Wax,vestibulum ante,923
924,12.37,"Asparagus - Green, Fresh",quis,924
925,7.72,Ice Cream Bar - Oreo Sandwich,cum sociis,925
926,13.35,Creamers - 10%,non,926
927,17.59,Bread - Hamburger Buns,ante ipsum,927
928,16.22,Corn - On The Cob,erat id,928
929,9.1,Wine - Mondavi Coastal Private,fermentum donec,929
930,17.5,Mustard - Pommery,odio in,930
931,7.57,Truffle Cups - White Paper,tellus,931
932,6.49,Cookies Cereal Nut,vulputate vitae,932
933,8.48,Longos - Lasagna Beef,maecenas leo,933
934,9.38,Arizona - Green Tea,ut rhoncus,934
935,9.31,"Pasta - Cannelloni, Sheets, Fresh",urna pretium,935
936,10.05,Pork - Ham Hocks - Smoked,bibendum morbi,936
937,6.82,"Beans - Navy, Dry",at,937
938,12.74,Cumin - Ground,morbi quis,938
939,17.52,Vinegar - Tarragon,pellentesque,939
940,14.38,"Tortillas - Flour, 10",maecenas tincidunt,940
941,3.85,Appetizer - Shrimp Puff,convallis,941
942,14.97,Cheese Cheddar Processed,et,942
943,16.12,Tart - Butter Plain Squares,nulla nunc,943
944,5.43,Water - Spring 1.5lit,vel,944
945,12.32,Sage Derby,eu pede,945
946,16.2,Loquat,vel ipsum,946
947,5.78,Bay Leaf,congue etiam,947
948,2.08,Wine - Semi Dry Riesling Vineland,malesuada in,948
949,4.59,Spinach - Frozen,congue,949
950,2.88,"Brandy - Orange, Mc Guiness",ac,950
951,16.88,"Bread - Sticks, Thin, Plain",tempor,951
952,16.37,Pear - Halves,at velit,952
953,10.24,"Juice - Apple, 1.36l",feugiat,953
954,3.24,Carbonated Water - Blackcherry,volutpat in,954
955,3.87,Glycerine,risus semper,955
956,11.31,Wine - Dubouef Macon - Villages,sed,956
957,3.81,"Chicken - Diced, Cooked",eros,957
958,3.18,Potatoes - Peeled,odio,958
959,2.94,Pickle - Dill,mauris enim,959
960,14.87,Jack Daniels,tincidunt eu,960
961,16.59,Sauce - Hollandaise,quis lectus,961
962,16.56,Apple - Granny Smith,amet cursus,962
963,17.43,Oil - Coconut,varius integer,963
964,7.4,Versatainer Nc - 888,dui nec,964
965,5.34,Coffee - Decafenated,convallis nulla,965
966,3.57,Wine - Two Oceans Sauvignon,elit,966
967,7.48,Tomatoes Tear Drop,eget,967
968,5.97,Wine - Redchard Merritt,tortor,968
969,15.0,Turnip - Wax,lorem,969
970,3.77,Flower - Dish Garden,sed,970
971,15.5,"Rum - Coconut, Malibu",cum,971
972,12.53,Bread - Corn Muffaletta,tincidunt,972
973,17.92,"Shrimp - Baby, Warm Water",pede lobortis,973
974,13.94,Pork - Smoked Kassler,risus dapibus,974
975,2.44,"Sauce - Soya, Light",diam nam,975
976,7.81,"Chocolate - Semi Sweet, Calets",ante,976
977,5.3,Cheese Cloth No 60,eu tincidunt,977
978,5.39,Wine - Cousino Macul Antiguas,vestibulum,978
979,14.13,"Turkey - Breast, Double",ut,979
980,6.46,Wine - Winzer Krems Gruner,ullamcorper purus,980
981,16.58,"Beef - Roasted, Cooked",phasellus sit,981
982,12.24,Pear - Prickly,venenatis turpis,982
983,5.12,Wine - Vovray Sec Domaine Huet,enim in,983
984,8.18,"Soup - Clam Chowder, Dry Mix",massa tempor,984
985,17.32,Wine - Barolo Fontanafredda,donec pharetra,985
986,9.39,Foie Gras,rhoncus,986
987,3.04,Lemon Grass,facilisi cras,987
988,11.89,Huck Towels White,convallis,988
989,9.6,Tea - Black Currant,rutrum,989
990,12.98,"Wine - Harrow Estates, Vidal",ut,990
991,16.09,Sea Bass - Fillets,diam neque,991
992,8.25,Tea Peppermint,neque aenean,992
993,15.9,Dikon,vestibulum,993
994,11.56,Ecolab Silver Fusion,nulla eget,994
995,5.82,Spinach - Packaged,vestibulum,995
996,8.47,"Pasta - Rotini, Colour, Dry",aenean,996
997,4.16,"Bread - Roll, Italian",amet,997
998,4.85,Pork Loin Cutlets,pede morbi,998
999,10.89,Tamarind Paste,in consequat,999
1000,4.72,Flour - Masa De Harina Mexican,quam,1000
