"Friesen, Abbott and Gutmann",Texas,1,4153
"Cronin, Wiza and Becker",Fairfield,2,4716
Schamberger Inc,Namekagon,3,4571
"Doyle, Zemlak and Rempel",Sherman,4,4663
Corwin-McCullough,Prairie Rose,5,4042
Haley and Sons,Forest Run,6,4816
Fahey-Schoen,Carpenter,7,4636
Koelpin-Cartwright,Prairieview,8,4204
Gerhold and Sons,Jana,9,4437
"Wyman, Mohr and Auer",Magdeline,10,4629
Lakin-Haley,Crownhardt,11,4534
Glover Group,Sunnyside,12,4688
Pollich-Littel,Division,13,4697
Schowalter and Sons,Anhalt,14,4171
Watsica-Ruecker,Sullivan,15,4181
Klocko and Sons,Shopko,16,4071
Thiel and Sons,Sachs,17,4131
"Bins, Murphy and Crist",Elmside,18,4153
Howe Inc,Fairview,19,4007
Beier Inc,Declaration,20,4225
Thompson Group,Homewood,21,4956
Gerlach-Ebert,Brickson Park,22,4463
Pfeffer-Satterfield,Bobwhite,23,4626
"Labadie, Osinski and Wilkinson",Red Cloud,24,4160
"Runte, Wilkinson and Langosh",High Crossing,25,4053
Gutmann and Sons,Sunnyside,26,4201
Champlin LLC,Burning Wood,27,4392
"Swaniawski, Huel and Becker",Wayridge,28,4541
Jast-Mosciski,Lakeland,29,4138
"Streich, Smitham and Wunsch",Ronald Regan,30,4381
"Kreiger, Torphy and Rowe",Golf View,31,4253
"Greenholt, Runolfsdottir and Collins",Hanover,32,4304
Kutch LLC,Tennyson,33,4377
"Heller, Simonis and Trantow",Schiller,34,4518
Hirthe Inc,Scoville,35,4801
Smitham Inc,Springs,36,4851
DuBuque-Emmerich,Monument,37,4066
Wisoky-Murazik,Columbus,38,4599
Kirlin-Prosacco,Basil,39,4881
Greenfelder-Kuhn,Portage,40,4918
Corkery LLC,Northport,41,4423
Koelpin-Hermiston,Red Cloud,42,4107
Kerluke and Sons,Bobwhite,43,4196
"Schaefer, Kihn and Wilderman",Marquette,44,4421
Bruen Inc,Hanover,45,4498
Blanda-Hessel,3rd,46,4581
"Hodkiewicz, Fritsch and Hilpert",Esker,47,4474
"Altenwerth, Dare and O'Keefe",Columbus,48,4827
Huels Group,Kinsman,49,4307
"Gislason, Kihn and Ward",Troy,50,4650
"Feest, O'Conner and Rice",Tomscot,51,4138
Douglas and Sons,Twin Pines,52,4455
Huels-Wehner,Karstens,53,4144
Jakubowski-Lakin,Corry,54,4868
"Schultz, Terry and Quigley",Kim,55,4147
Considine-Lakin,Heffernan,56,4423
McDermott and Sons,Burning Wood,57,4474
Schuster Group,International,58,4136
"Langosh, Runolfsdottir and Sporer",Division,59,4520
Ritchie LLC,Menomonie,60,4763
Wehner Inc,Bunker Hill,61,4544
Watsica LLC,Dayton,62,4872
Shanahan and Sons,Karstens,63,4381
Cartwright-Wiegand,Waubesa,64,4323
Gerhold-O'Conner,Victoria,65,4341
Stracke-Lowe,Amoth,66,4861
Shanahan Inc,Del Mar,67,4958
"Ward, Bartell and Dietrich",Ridgeway,68,4291
Swaniawski-Rogahn,Grasskamp,69,4956
"Shanahan, Hickle and Boyer",Debra,70,4124
Hills LLC,Atwood,71,4507
Harber Inc,Badeau,72,4756
Koch and Sons,East,73,4570
"Padberg, Steuber and Williamson",Eagan,74,4202
"Grimes, Borer and Emard",Petterle,75,4808
"Aufderhar, Sporer and Denesik",Homewood,76,4093
Hettinger Group,Stoughton,77,4738
Howell-Stroman,Lakewood Gardens,78,4414
"Waelchi, Spencer and Wolff",Sundown,79,4369
Green Inc,Moland,80,4032
Volkman Group,Butternut,81,4580
"McGlynn, Kris and Bode",Saint Paul,82,4123
"Block, Feest and Quigley",Kingsford,83,4864
"Hettinger, Cruickshank and Runolfsson",Claremont,84,4217
Ernser-Renner,Linden,85,4091
"Schaefer, Farrell and Blanda",Lien,86,4317
Terry Inc,Buhler,87,4546
Haley Inc,Hoffman,88,4517
Streich Inc,Carey,89,4891
Schumm-Sanford,Delaware,90,4217
Mayert-Eichmann,Logan,91,4502
Watsica-Beer,Graceland,92,4338
Jerde Group,5th,93,4883
"Bogan, Bailey and Daniel",Scott,94,4113
Keeling-Halvorson,Rockefeller,95,4277
Reynolds-Huel,Sachs,96,4218
Rowe Inc,Center,97,4680
"Ebert, Brown and Ebert",Clyde Gallagher,98,4888
"Koch, Johns and Herman",Algoma,99,4657
Kuphal-Jerde,Claremont,100,4682
Jast and Sons,Orin,101,4387
"Reilly, Konopelski and Crona",Farwell,102,4773
Kuvalis LLC,Menomonie,103,4634
Dicki Inc,Moose,104,4056
Kihn Group,Northland,105,4265
Smith-Okuneva,Hooker,106,4835
Schaefer-Jacobson,Hoffman,107,4486
Lowe Group,Westport,108,4089
Bernhard-Bogisich,Fuller,109,4018
Ratke-Macejkovic,Spenser,110,4473
Kutch-Kessler,Lotheville,111,4266
"Kertzmann, DuBuque and Herzog",Kensington,112,4525
Jaskolski-O'Keefe,Clarendon,113,4963
Dooley-Walsh,Schmedeman,114,4344
Adams-Murphy,Sullivan,115,4850
"Daniel, Streich and Grady",Dexter,116,4722
Herzog Group,Pleasure,117,4870
Greenfelder-Purdy,Darwin,118,4151
"Schiller, Klein and Schmeler",Cherokee,119,4924
Ziemann-Balistreri,Shelley,120,4116
"Howe, Hodkiewicz and Ritchie",Lyons,121,4513
Ondricka-Weber,Anniversary,122,4963
Bogan and Sons,Raven,123,4341
"Borer, Gusikowski and Wilkinson",Londonderry,124,4135
Howell-Durgan,David,125,4724
"Douglas, McDermott and Lowe",Becker,126,4739
Cummerata-Langosh,Birchwood,127,4623
"Jacobs, Lesch and Sauer",Marcy,128,4233
"Reilly, Doyle and Hilpert",Sage,129,4854
Mayer-Lebsack,Mosinee,130,4235
Hackett-Gibson,Sutteridge,131,4948
Cronin Inc,Crowley,132,4310
"Bode, Schowalter and Mann",Lindbergh,133,4416
Luettgen LLC,Cherokee,134,4419
Beer and Sons,Granby,135,4570
Emmerich Group,Brickson Park,136,4121
Predovic-Wiza,Fremont,137,4560
Rippin-Mills,Charing Cross,138,4466
Emard-Reichert,Comanche,139,4178
Stoltenberg and Sons,Eagan,140,4689
Bergstrom Group,Mcguire,141,4536
Grady-McLaughlin,Fieldstone,142,4977
"Ziemann, Leuschke and Dibbert",Jay,143,4601
Watsica LLC,Manufacturers,144,4665
"Marks, Jaskolski and Leuschke",Scoville,145,4343
Stamm and Sons,Utah,146,4201
Hahn LLC,Monterey,147,4843
Lind LLC,Katie,148,4858
Williamson-Crona,Gale,149,4989
"Thiel, Bashirian and Stroman",Northwestern,150,4318
Schulist-Gaylord,Truax,151,4777
"Maggio, Renner and Little",Talmadge,152,4147
Rutherford-Bogisich,Meadow Vale,153,4686
"Kiehn, Ferry and Schinner",Granby,154,4719
"Predovic, Balistreri and Rau",Monument,155,4894
Ziemann-Barton,Huxley,156,4965
"Champlin, Koepp and Bartell",Utah,157,4985
"Wiegand, Schowalter and Hudson",Bunting,158,4539
Thiel-Nicolas,Lien,159,4553
Schaden Inc,Fieldstone,160,4345
Davis-Lueilwitz,Mayfield,161,4370
"Swaniawski, Mayert and Hintz",Oak,162,4860
Hauck-Pfannerstill,Leroy,163,4584
Murray and Sons,Chive,164,4231
Olson-Torp,Grasskamp,165,4832
"Daugherty, Pollich and Simonis",Hoard,166,4665
"Carroll, Wintheiser and Reichel",Buhler,167,4880
Bahringer-Gaylord,Vidon,168,4341
Sipes-Turcotte,Kropf,169,4821
Stokes and Sons,Menomonie,170,4033
Berge-Hilpert,Eastlawn,171,4799
Goldner-Gibson,Utah,172,4420
Pollich Group,Banding,173,4457
Bartoletti-Koss,Moulton,174,4266
Littel Inc,American,175,4779
Veum-Bergnaum,Mesta,176,4404
Bashirian-Block,6th,177,4488
Swift and Sons,Lakeland,178,4509
Windler-Hilpert,Buhler,179,4863
"Lakin, Murray and Grady",Charing Cross,180,4708
"Greenfelder, Murray and Bogan",Sommers,181,4801
"Carter, Orn and Feil",Derek,182,4948
Harber-Ward,Everett,183,4929
Keebler and Sons,Larry,184,4872
Haag Group,Mccormick,185,4735
"Corkery, Cummings and Mraz",Declaration,186,4532
McClure-Pfeffer,Grover,187,4441
Sanford-Von,Little Fleur,188,4566
"Hilll, Kuhlman and Grady",Mallard,189,4985
"Rath, Abernathy and Herzog",Packers,190,4821
Dickinson-Windler,Novick,191,4138
Kiehn Group,Blue Bill Park,192,4922
"Marvin, Heller and Kunde",Veith,193,4486
"Hermiston, Hudson and VonRueden",Bartillon,194,4550
Reinger Group,Sugar,195,4876
Homenick and Sons,Birchwood,196,4315
Tillman Inc,Rockefeller,197,4113
Champlin and Sons,Homewood,198,4717
Herman-Fadel,Scofield,199,4752
Bayer-Windler,1st,200,4637
"Schowalter, Fisher and Pouros",Westridge,201,4276
Sauer-Rempel,Tomscot,202,4936
Smitham-Jakubowski,Gerald,203,4736
Hackett LLC,Hazelcrest,204,4927
"Ernser, Eichmann and Bayer",Carberry,205,4018
"Sawayn, Marquardt and Veum",Reindahl,206,4678
Berge-Mosciski,Southridge,207,4527
Lind Group,Fairfield,208,4594
Lynch-Abshire,Valley Edge,209,4041
Bernhard LLC,New Castle,210,4631
Considine-Reichel,Continental,211,4782
"Rempel, Botsford and Nikolaus",Weeping Birch,212,4678
Altenwerth Inc,Dayton,213,4701
"Rosenbaum, Vandervort and Brakus",Maple,214,4846
"Fisher, Jacobi and Larson",Fairview,215,4741
Rolfson-Lynch,Prentice,216,4636
Kling-Carter,Warner,217,4380
"Steuber, Pfeffer and Runolfsdottir",Ridge Oak,218,4083
"Roob, Baumbach and Harber",Dorton,219,4987
Legros and Sons,Katie,220,4574
"Bruen, Funk and Satterfield",Judy,221,4746
Auer-Morar,Mayfield,222,4935
Robel Inc,Mosinee,223,4863
"Bins, Jacobs and Gleason",Center,224,4802
"Leuschke, Schaefer and Purdy",Dapin,225,4806
Bechtelar-Hoppe,Paget,226,4887
Goyette Group,Tennyson,227,4771
"Beatty, Prohaska and Fisher",Ludington,228,4040
Kerluke-Gleichner,Comanche,229,4416
Herman-Gutkowski,Mayer,230,4982
O'Kon Inc,Harper,231,4010
Gutkowski and Sons,Marquette,232,4609
O'Conner-Mills,Cherokee,233,4414
Stracke and Sons,Coolidge,234,4296
Purdy-Bashirian,Lindbergh,235,4611
"Macejkovic, Boyer and Schumm",Mayfield,236,4665
Dickinson and Sons,Bay,237,4808
Macejkovic-Fisher,Springs,238,4988
Simonis-Abbott,Esker,239,4689
"Lehner, Raynor and Steuber",Armistice,240,4263
"Bechtelar, Strosin and Ziemann",Helena,241,4529
Crooks-Hansen,Mitchell,242,4708
"Kertzmann, Leffler and Purdy",Butterfield,243,4909
Stark Group,Killdeer,244,4788
"Mante, Borer and Christiansen",Buell,245,4169
Kunde-Volkman,Waywood,246,4243
Parisian Group,Victoria,247,4555
Schowalter Inc,Ramsey,248,4278
Frami-Wisoky,Hudson,249,4272
Barrows-Waters,Ramsey,250,4001
Kub-Cronin,Riverside,251,4824
Klein-Blanda,Westerfield,252,4426
Flatley-Johns,Ronald Regan,253,4171
Cruickshank and Sons,Mariners Cove,254,4283
Schultz-Quitzon,Sugar,255,4712
Hoeger-Romaguera,Bartillon,256,4872
Kuphal LLC,Hudson,257,4439
"Hettinger, Stanton and Kilback",Fieldstone,258,4489
"Lindgren, Wiza and Heaney",Walton,259,4797
"Heidenreich, Kunde and Crooks",Esch,260,4464
Stanton-Hamill,Beilfuss,261,4460
Stokes and Sons,Daystar,262,4901
"Price, Rodriguez and Botsford",Northridge,263,4619
Fadel Group,Donald,264,4369
Pfannerstill Group,Nevada,265,4645
"Marquardt, Kiehn and Kuphal",Graedel,266,4998
"Hintz, Bartoletti and Armstrong",Center,267,4818
"Considine, Boehm and Douglas",Ohio,268,4908
Ernser-Flatley,Huxley,269,4845
Osinski Group,Namekagon,270,4259
Mraz-Goodwin,Weeping Birch,271,4761
Green and Sons,Bunting,272,4166
Kuvalis Group,Sycamore,273,4420
"Kutch, Ritchie and Schultz",Upham,274,4790
Mitchell Inc,Petterle,275,4779
Jacobs-Hamill,Harbort,276,4065
Kerluke-Senger,Welch,277,4356
"Kunze, O'Keefe and Marquardt",Declaration,278,4537
Bartoletti-Gleichner,Spenser,279,4778
Lang-Schowalter,Hayes,280,4312
O'Connell-Sawayn,Dottie,281,4036
"Lockman, Welch and Volkman",Upham,282,4890
"Herzog, Wolff and Jast",Fairview,283,4090
Conroy LLC,Mitchell,284,4372
Lynch and Sons,Londonderry,285,4444
Denesik-Herzog,Pawling,286,4975
"Koepp, Kreiger and Schroeder",Kingsford,287,4403
Kreiger and Sons,Stone Corner,288,4499
Dooley LLC,Graceland,289,4673
Upton Inc,Paget,290,4535
"Hansen, Grimes and Kunze",Grover,291,4819
"Weissnat, Barton and Wiegand",Blue Bill Park,292,4461
"Bode, Kohler and Schinner",Milwaukee,293,4187
Lueilwitz-Windler,Macpherson,294,4440
Bartell-Collins,Becker,295,4842
Grady-Zieme,Welch,296,4010
Konopelski Group,Kipling,297,4086
Bechtelar-Langworth,Prentice,298,4165
"Ledner, Waelchi and Mante",Nobel,299,4672
"Price, Schulist and Hirthe",Sheridan,300,4931
"Nienow, Romaguera and Buckridge",Reinke,301,4808
"Terry, Sauer and Nader",Commercial,302,4865
VonRueden Group,Harbort,303,4418
Dibbert LLC,Swallow,304,4279
"Metz, Kuhic and Ruecker",Claremont,305,4473
Auer Group,Holmberg,306,4153
"Balistreri, Marks and Torp",Kim,307,4893
"McDermott, Nitzsche and Pacocha",Erie,308,4165
Nicolas-Hane,Russell,309,4921
Kemmer-Auer,Rockefeller,310,4548
"Casper, Frami and Jacobson",Erie,311,4023
"Romaguera, Rowe and Moore",Crest Line,312,4308
"Barton, Schiller and Hammes",Stone Corner,313,4277
Fadel and Sons,Riverside,314,4066
"Goodwin, Terry and Strosin",Pond,315,4472
"Bergstrom, Volkman and Sauer",Larry,316,4927
Hills LLC,Canary,317,4180
Muller-Bauch,Manufacturers,318,4519
Lueilwitz-Armstrong,Gateway,319,4243
"Torp, Emard and Harber",Raven,320,4865
Goodwin LLC,Texas,321,4146
"Flatley, Moore and Muller",Harper,322,4274
Quigley-Schmitt,Eggendart,323,4358
"Mohr, Reichert and Pfannerstill",Sloan,324,4233
Lockman Group,Tennessee,325,4465
"Nikolaus, Pouros and Hoeger",Northview,326,4300
"Bartell, Howell and Becker",South,327,4803
Larson-Champlin,Vermont,328,4228
Collier LLC,Fuller,329,4317
Bahringer LLC,Crowley,330,4797
Davis-Waelchi,Oneill,331,4001
"Bogan, Kessler and Hagenes",Mcguire,332,4123
Hahn-Harber,Gerald,333,4184
"Schuppe, Kuphal and Waters",Fair Oaks,334,4416
Gerhold-Sawayn,Pepper Wood,335,4475
"Schaefer, Kub and Maggio",Lyons,336,4055
Hoppe Inc,Nevada,337,4114
Bauch-Trantow,Marcy,338,4076
Becker-Tromp,Menomonie,339,4648
Smith LLC,Bayside,340,4700
"Pagac, Reichel and Goyette",Blackbird,341,4215
Rogahn and Sons,Morrow,342,4226
Schmidt Group,Northport,343,4487
"Hettinger, Cronin and Gutmann",Sullivan,344,4695
Satterfield and Sons,Kropf,345,4157
McLaughlin Group,Bobwhite,346,4516
Bergnaum-Dach,Schiller,347,4073
Cole and Sons,Northport,348,4841
Towne and Sons,Melvin,349,4785
Mayert-Rolfson,Green Ridge,350,4751
Schuppe LLC,Graceland,351,4474
MacGyver-Daugherty,Upham,352,4183
Kunze-West,2nd,353,4229
Smitham-Ward,Banding,354,4406
"Jaskolski, Dicki and Feest",Thierer,355,4225
Douglas Group,Oak Valley,356,4518
Hilpert Inc,Anthes,357,4001
Skiles Group,Gulseth,358,4046
"McLaughlin, Kozey and Nienow",Hagan,359,4529
Little Inc,Marquette,360,4221
Walker-Carroll,Clyde Gallagher,361,4621
"Mante, Becker and Lakin",Holmberg,362,4472
McGlynn-Labadie,Crownhardt,363,4728
Kreiger LLC,Old Gate,364,4043
Orn-Haag,Dayton,365,4090
Price-Macejkovic,Hoard,366,4884
"Waters, Boyle and Wisozk",Arapahoe,367,4367
Gutkowski-Koch,Petterle,368,4080
Robel LLC,Kipling,369,4400
Becker and Sons,Crescent Oaks,370,4556
Heidenreich-Mayer,Declaration,371,4563
Torphy LLC,Tony,372,4926
Schamberger LLC,Farragut,373,4650
"Rau, Harvey and Ondricka",Coleman,374,4354
Ratke-Gerhold,Buena Vista,375,4479
Pfeffer LLC,Forest Run,376,4724
"Wiza, Heaney and Luettgen",Petterle,377,4358
Schuster-Koepp,Michigan,378,4263
West-Tremblay,Golf,379,4286
Schoen-Gottlieb,Dahle,380,4502
Abbott Group,Starling,381,4691
Price LLC,North,382,4182
"Greenholt, Hahn and Anderson",Cambridge,383,4819
Willms Group,Northland,384,4819
"Jenkins, Mueller and Schaefer",Sutherland,385,4207
Stroman-Schneider,Surrey,386,4605
"Rau, Osinski and Stiedemann",Mesta,387,4969
"Vandervort, Carter and Quigley",Holy Cross,388,4769
"Pouros, Moore and Deckow",Hooker,389,4415
Veum and Sons,Lukken,390,4936
Stehr Group,North,391,4902
Herzog-Mante,Swallow,392,4187
Heathcote Group,Melody,393,4311
Macejkovic-Torp,1st,394,4492
Leuschke-Batz,Pierstorff,395,4769
"Heller, Dicki and Bashirian",Red Cloud,396,4234
Hilpert-Bashirian,Eastwood,397,4112
Dach Group,Texas,398,4655
Kunde-Altenwerth,Northfield,399,4491
"Hayes, VonRueden and Wolf",Rigney,400,4869
"Gibson, Reinger and Parisian",Truax,401,4305
Kihn-Leuschke,Waxwing,402,4684
Kuhic-Okuneva,Hoard,403,4782
"Sawayn, Heller and Weber",Glendale,404,4775
Stracke-Prohaska,Onsgard,405,4019
McGlynn LLC,Loeprich,406,4168
"Nicolas, Marvin and Bayer",Sauthoff,407,4055
Mertz-Koch,Melvin,408,4472
Lehner-Hyatt,Bunting,409,4236
Ratke-Jakubowski,Garrison,410,4674
Frami-Schimmel,Lotheville,411,4127
Koss and Sons,Ryan,412,4490
"Rutherford, Lehner and Tremblay",Elgar,413,4865
"Berge, Gusikowski and Lynch",Anzinger,414,4178
Kirlin-White,Continental,415,4928
Bosco Inc,Kennedy,416,4310
Schinner-Kemmer,Merrick,417,4599
"Kunze, Buckridge and Gorczany",Arapahoe,418,4646
Wintheiser Inc,Moulton,419,4232
Durgan LLC,Burning Wood,420,4219
Reichert Group,Banding,421,4485
Volkman-Labadie,Goodland,422,4338
Murazik-Barrows,Messerschmidt,423,4105
Stoltenberg LLC,Golf View,424,4903
Hermann-Blanda,Nevada,425,4187
Stanton LLC,Amoth,426,4538
"Crist, Frami and Bode",Cottonwood,427,4299
Schneider-Gutkowski,Cottonwood,428,4540
"Tremblay, Schoen and Windler",Pearson,429,4360
"Medhurst, Fisher and Schiller",Vahlen,430,4276
Spinka Group,Manitowish,431,4995
"Farrell, Brakus and Rath",Meadow Ridge,432,4072
McLaughlin LLC,Columbus,433,4381
"Nader, Koss and Haley",Caliangt,434,4946
"Schulist, Harris and Kertzmann",Fairview,435,4163
Hilpert-Yost,Gulseth,436,4630
"Hintz, Schuppe and Lesch",Buell,437,4014
"Cronin, Labadie and Kozey",Sheridan,438,4390
"Crist, Crona and Gulgowski",Havey,439,4720
Bechtelar Group,Green Ridge,440,4942
"Mohr, Ullrich and Jakubowski",Park Meadow,441,4067
Pollich-Hettinger,Carberry,442,4918
Flatley and Sons,Talisman,443,4113
"Haag, Hyatt and Luettgen",Marcy,444,4200
"Bogan, Hane and O'Keefe",Merrick,445,4800
Welch-Nolan,Hanson,446,4342
"Cummings, Rowe and Rippin",Menomonie,447,4702
"Dare, Muller and Gleason",Red Cloud,448,4097
"Rutherford, Borer and Mraz",Barby,449,4347
Mayer-Kutch,Thompson,450,4001
"Rempel, Hettinger and Kovacek",Shelley,451,4067
Klocko-Mills,Hoepker,452,4225
Blick Group,Ridgeview,453,4893
Buckridge-Lueilwitz,Graceland,454,4583
Fadel Inc,Thierer,455,4537
Gibson-Rau,Rigney,456,4819
Klein-Kiehn,Kings,457,4062
Rau-Krajcik,Rutledge,458,4062
Spinka and Sons,Judy,459,4760
Koch-Hammes,Dahle,460,4873
Denesik LLC,Browning,461,4424
Mayert Group,Oakridge,462,4008
Quitzon-Turcotte,Bayside,463,4047
"Grimes, McGlynn and O'Kon",Red Cloud,464,4028
Bergstrom Inc,Daystar,465,4328
"Collier, Hahn and Hamill",Fieldstone,466,4931
Ryan-Trantow,Village,467,4791
Effertz Inc,Anzinger,468,4175
Daniel Group,Messerschmidt,469,4292
"Wisozk, Treutel and Lemke",Jenna,470,4464
Will Inc,Village,471,4331
"Schmitt, McLaughlin and Pacocha",Spaight,472,4008
Schmitt-Gerlach,Killdeer,473,4868
Swift and Sons,Anhalt,474,4187
"Jakubowski, Cormier and Herman",American,475,4595
Ondricka-McLaughlin,Colorado,476,4453
"Rice, Ward and Lockman",Pleasure,477,4340
Weissnat-Roberts,Muir,478,4815
Dare and Sons,Novick,479,4976
"Bashirian, Green and Hauck",American Ash,480,4050
Medhurst-Towne,Daystar,481,4583
Rowe and Sons,Pearson,482,4960
Ryan Inc,Wayridge,483,4435
Bergnaum Inc,Carioca,484,4555
Hyatt-O'Conner,Charing Cross,485,4730
Tromp-Simonis,Morrow,486,4255
Friesen Group,Lillian,487,4416
"Fritsch, Ziemann and Zboncak",4th,488,4155
Lebsack Group,Gerald,489,4325
"Ullrich, Boehm and Fritsch",Doe Crossing,490,4124
Grant Inc,Duke,491,4254
Cronin LLC,Rigney,492,4149
"Hammes, Lockman and Strosin",Pankratz,493,4275
"Heathcote, Reynolds and Monahan",North,494,4706
Howell-Kub,Mariners Cove,495,4192
Kilback Inc,Milwaukee,496,4687
Hudson-Moore,Maple,497,4261
Weber-Carter,Oak,498,4113
"Block, Johnston and O'Connell",Dawn,499,4585
Heller Group,Swallow,500,4400
"Legros, Ernser and Mills",Oxford,501,4137
Ferry LLC,Jenifer,502,4613
Considine Inc,Trailsway,503,4103
Schmitt-Gottlieb,Loomis,504,4573
"Moore, Kuvalis and Hauck",Ronald Regan,505,4272
Bosco Inc,Glacier Hill,506,4863
"Mante, Beer and Baumbach",Stephen,507,4916
Bins-Goldner,Del Sol,508,4406
Tillman-Hessel,Old Shore,509,4942
Jakubowski Group,Almo,510,4756
McGlynn Inc,Charing Cross,511,4354
Botsford Group,Beilfuss,512,4872
Dooley-Quitzon,Artisan,513,4430
"Swaniawski, Bauch and Prosacco",Atwood,514,4525
Yundt-Howe,Sutteridge,515,4837
Goodwin Inc,Vera,516,4626
Runolfsson-Okuneva,Shelley,517,4813
Gutmann and Sons,Meadow Valley,518,4856
Hand-Heller,Sunbrook,519,4035
Schumm and Sons,Messerschmidt,520,4377
Rutherford and Sons,Rowland,521,4633
Quitzon Group,Talmadge,522,4013
Bogan and Sons,Onsgard,523,4201
"Mertz, Jacobs and Schneider",Sunfield,524,4672
Sauer and Sons,Dottie,525,4853
Bernhard-Turner,Larry,526,4907
Purdy LLC,Charing Cross,527,4405
O'Keefe Group,Westridge,528,4737
Romaguera-Tremblay,Independence,529,4482
Jacobson and Sons,Trailsway,530,4750
"Walker, Turcotte and Dooley",Daystar,531,4868
Hintz-Stoltenberg,Vernon,532,4644
"Gaylord, Block and Powlowski",Summit,533,4084
Beer-Kihn,Pennsylvania,534,4370
Borer Group,Burning Wood,535,4698
"Altenwerth, Wehner and Ortiz",Surrey,536,4506
"Boyle, Purdy and MacGyver",Farwell,537,4038
Weissnat Group,Manufacturers,538,4222
Hintz LLC,Melody,539,4267
"Aufderhar, Runte and Lynch",Portage,540,4555
"Buckridge, Abernathy and Langworth",Orin,541,4205
Moen LLC,Meadow Vale,542,4345
Schuppe LLC,Oneill,543,4380
Barrows LLC,Jenna,544,4172
"Anderson, Ebert and Kuhic",Bunting,545,4607
Reinger Group,Dwight,546,4869
Bogisich-Hudson,Amoth,547,4974
Stark-Schmidt,Kings,548,4522
Erdman Group,Kenwood,549,4253
Hahn Group,Golden Leaf,550,4352
Hartmann Group,Eagle Crest,551,4610
Crooks-Hudson,Dwight,552,4946
Yost LLC,Sachtjen,553,4823
Bruen and Sons,Nancy,554,4574
Hessel Group,Kings,555,4735
"Satterfield, Barrows and Rempel",Russell,556,4450
Spinka-Wehner,Eastwood,557,4564
Nienow-Johnson,Kim,558,4013
"Bauch, Stokes and Dibbert",Troy,559,4401
"Halvorson, Cormier and O'Reilly",Sachs,560,4239
Monahan-Bayer,Gerald,561,4719
Kerluke-Stroman,Haas,562,5000
Yost-Morissette,Stephen,563,4945
Hayes Inc,Barnett,564,4158
"Brekke, Murphy and O'Kon",Corscot,565,4799
"Brown, Ullrich and Pagac",Butterfield,566,4669
Lueilwitz-Effertz,Mccormick,567,4987
Weimann Group,Armistice,568,4990
Smith Group,Quincy,569,4273
Barton Group,Rockefeller,570,4487
Barrows-Krajcik,Gateway,571,4033
Emmerich-Heathcote,Paget,572,4415
Flatley-Hintz,2nd,573,4525
Carter Inc,Farwell,574,4477
"Stanton, Gaylord and Schuster",Lakewood,575,4262
"Fisher, Legros and Wilkinson",Warbler,576,4120
"Wisoky, Rice and Schuppe",South,577,4747
Greenholt LLC,Menomonie,578,4010
Bode Group,Beilfuss,579,4522
"Bogisich, Johns and Franecki",Scofield,580,4195
Parker and Sons,Schurz,581,4542
Corkery-Wunsch,Barnett,582,4574
Gusikowski and Sons,Oriole,583,4399
Koepp and Sons,Butterfield,584,4632
Herman and Sons,Walton,585,4558
"Hansen, O'Keefe and Wolff",Bartillon,586,4372
"Johnson, Breitenberg and Stracke",Cordelia,587,4168
Aufderhar-Gottlieb,Myrtle,588,4751
"Weimann, Cassin and Lakin",Kennedy,589,4671
Batz Inc,Menomonie,590,4297
Mohr-Ward,Burrows,591,4407
"Kutch, Lebsack and Kerluke",1st,592,4441
"Gusikowski, Christiansen and Wiegand",Gale,593,4682
"Waelchi, Reichel and Leannon",Nevada,594,4338
Corkery Inc,Monica,595,4870
Mitchell and Sons,Doe Crossing,596,4802
Towne LLC,Erie,597,4152
Stokes-Howell,Pankratz,598,4191
"Medhurst, Reichel and Gleichner",Dapin,599,4521
Predovic LLC,Kenwood,600,4782
Collier-Strosin,Mayfield,601,4968
Kshlerin LLC,Artisan,602,4350
Pagac and Sons,Sunbrook,603,4933
Koelpin-Rath,Havey,604,4558
"Runolfsdottir, Murray and Ward",Merrick,605,4009
"Will, Windler and Keebler",Sutteridge,606,4708
Williamson-Paucek,Cascade,607,4990
Leffler-Cummerata,Weeping Birch,608,4345
Runolfsdottir-Mante,Corry,609,4594
"Hirthe, Grady and Walker",Erie,610,4827
Marquardt and Sons,Fairfield,611,4066
"Waelchi, Zulauf and Murray",Dayton,612,4137
Stamm Inc,Hagan,613,4955
Jast LLC,Bobwhite,614,4479
"Jenkins, Jacobs and Schaden",Bonner,615,4928
Ward-Pfannerstill,Stone Corner,616,4732
Lowe-Kuhn,Eliot,617,4492
Kutch-Waelchi,Elka,618,4459
"Hyatt, Thompson and Armstrong",Shopko,619,4051
Considine Inc,Garrison,620,4521
"Reichert, Schoen and Olson",Harper,621,4211
"Eichmann, Sawayn and Homenick",Redwing,622,4547
O'Hara Inc,Golf,623,4158
Bins-Olson,Maple Wood,624,4328
Harber-West,Walton,625,4586
Reichert-Mertz,Scoville,626,4914
Witting-Feeney,Holmberg,627,4588
"Hickle, Mohr and Leannon",Vernon,628,4060
Ondricka-Gutkowski,Monument,629,4294
Zemlak-Breitenberg,Delladonna,630,4497
Nitzsche Inc,High Crossing,631,4371
"Padberg, Lockman and Reichel",Daystar,632,4500
Sauer and Sons,Canary,633,4706
Veum and Sons,Golf Course,634,4573
West Inc,Lakewood Gardens,635,4664
Adams-Abernathy,Sachs,636,4767
Dietrich Inc,Montana,637,4579
"Mraz, Luettgen and Jerde",School,638,4594
"Gusikowski, Abernathy and Sipes",Pond,639,4542
Kulas LLC,Lillian,640,4615
"Nikolaus, Leuschke and Krajcik",Pierstorff,641,4709
Kiehn-Lang,Delladonna,642,4734
Heidenreich and Sons,Sycamore,643,4944
"Ritchie, Spinka and Dickinson",Eastlawn,644,4361
Crist and Sons,Hanson,645,4191
West-Turner,Lighthouse Bay,646,4481
Konopelski-Romaguera,Ramsey,647,4793
Haley-Hoeger,Meadow Ridge,648,4442
Hickle Inc,School,649,4379
"Quigley, Dickinson and Rau",Mcbride,650,4758
Rogahn-Gorczany,Arkansas,651,4429
"Rodriguez, Reinger and Rogahn",Clyde Gallagher,652,4470
Schaden and Sons,Riverside,653,4189
Legros LLC,Sutteridge,654,4098
"Jakubowski, Schmitt and Roberts",Hoepker,655,4212
Crona LLC,Melody,656,4260
Murray and Sons,Independence,657,4737
Huels-Conroy,Di Loreto,658,4330
Doyle-Gulgowski,Northridge,659,4305
"Kuphal, Bednar and Lubowitz",Superior,660,4763
Mertz Inc,Rigney,661,4043
"Heaney, Jerde and Bruen",Moose,662,4640
"Considine, Moore and Marvin",Lotheville,663,4300
"Zemlak, McLaughlin and Zieme",Marquette,664,4803
Reynolds-McLaughlin,Memorial,665,4425
Nienow and Sons,Parkside,666,4402
Balistreri Group,Golden Leaf,667,4359
Lowe-White,School,668,4632
"Parker, Boyer and Hand",Helena,669,4261
"Mohr, Hickle and Reichel",Arizona,670,4240
Stanton LLC,Harper,671,4426
Hermann-Waelchi,Bashford,672,4798
Haag-Botsford,Graceland,673,4908
Keeling Inc,Memorial,674,4343
"Batz, Rolfson and Wolff",Kipling,675,4203
Franecki Group,Clyde Gallagher,676,4974
White Group,Lillian,677,4907
Bogisich-Wehner,Gina,678,5000
Herman-Heidenreich,Randy,679,4110
Kessler-Beer,Corscot,680,4196
"Lubowitz, Lueilwitz and O'Connell",Maywood,681,4365
"Ryan, Goodwin and Botsford",Mayer,682,4224
Hills Group,Warbler,683,4502
Watsica Group,Arrowood,684,4073
Christiansen Group,Montana,685,4448
Mayert-Gerhold,Westridge,686,4105
D'Amore Inc,Ramsey,687,4485
Kuhic-Hand,Manufacturers,688,4186
"Tromp, Ritchie and Anderson",Larry,689,4700
Bruen-Schimmel,Barnett,690,4520
Hoppe-Konopelski,Emmet,691,4394
Abbott and Sons,Shopko,692,4176
Hintz-Mueller,Holy Cross,693,4836
Lemke LLC,4th,694,4121
Orn LLC,Nobel,695,4036
"Hamill, Mohr and Kessler",Northfield,696,4838
"Halvorson, Larkin and Olson",Prairie Rose,697,4590
Goodwin-Swaniawski,Talmadge,698,4099
Johns-Kub,Ridgeway,699,4099
Wolff Inc,Debra,700,4824
Kilback Inc,Brentwood,701,4753
Turcotte Group,Orin,702,4430
Weissnat LLC,Springview,703,4983
Blick LLC,Carberry,704,4123
"Wehner, Balistreri and Pfeffer",Stone Corner,705,4074
"Kuhn, Thiel and Heaney",6th,706,4487
"Yost, Leannon and Hartmann",Mesta,707,4831
Brown LLC,Memorial,708,4820
"Durgan, Auer and Turner",Quincy,709,4458
Ondricka LLC,Goodland,710,4028
Grant and Sons,Banding,711,4054
"Abshire, Jast and Legros",Maple Wood,712,4276
Beahan-Reichel,Roth,713,4453
Huel-Hickle,Karstens,714,4074
Dickens LLC,Merrick,715,4659
Bogisich Group,Laurel,716,4369
Klocko LLC,Ilene,717,4534
Christiansen Inc,Larry,718,4568
Mohr Inc,Dwight,719,4032
West Group,Center,720,4595
Rodriguez and Sons,Grover,721,4800
Hudson Group,Riverside,722,4220
McDermott Group,Portage,723,4723
Schumm-Bergstrom,Prairie Rose,724,4347
Mertz Inc,Ridgeview,725,4789
Schiller-Marvin,Reinke,726,4716
O'Connell-Ferry,Milwaukee,727,4697
"Balistreri, Moen and Jacobi",Veith,728,4584
Bartoletti-Buckridge,Redwing,729,4558
Kerluke-Metz,Forest Run,730,4044
O'Conner-Ferry,Dottie,731,4118
"Bradtke, Keeling and Thompson",Banding,732,4042
Auer-Gorczany,Myrtle,733,4075
Murray Inc,Ridgeway,734,4292
Purdy-Jaskolski,Bashford,735,4655
Kozey LLC,Jay,736,4878
"Adams, Balistreri and Hansen",Green Ridge,737,4832
Williamson-Windler,Everett,738,4955
"Heaney, Cole and Harris",Sutherland,739,4262
"Kertzmann, Moore and Harris",Brickson Park,740,4584
Marvin Inc,Reinke,741,4324
"D'Amore, Kreiger and VonRueden",Sunbrook,742,4871
Gaylord-Price,Swallow,743,4957
Fritsch Inc,Eliot,744,4161
Powlowski LLC,Sunbrook,745,4176
Yost LLC,Northwestern,746,4293
"Murazik, Bailey and Thiel",Rieder,747,4446
Ondricka LLC,Swallow,748,4201
Toy-Heller,Farragut,749,4037
"Parker, Muller and Ortiz",Upham,750,4246
Yundt LLC,Hollow Ridge,751,4817
Bernhard LLC,Springview,752,4423
Klein-Rempel,Esch,753,4481
Hammes-Harber,Golf View,754,4626
Walter Inc,Green Ridge,755,4522
"Raynor, Rath and Collier",Summerview,756,4334
Moore-Bashirian,Shasta,757,4773
Hettinger and Sons,Commercial,758,4228
Cremin-Luettgen,Londonderry,759,4872
Kuphal-Bernier,Eggendart,760,4872
Treutel Inc,Fieldstone,761,4370
"O'Hara, Kerluke and Denesik",Marcy,762,4884
Lubowitz and Sons,Mockingbird,763,4940
Reichel-Grady,Norway Maple,764,4808
Osinski-Herman,Northwestern,765,4001
Hermann-Bednar,Rieder,766,4646
Daniel-Christiansen,Service,767,4691
"Kuvalis, Medhurst and Dicki",Prairieview,768,4601
Jenkins and Sons,North,769,4720
Beier LLC,Badeau,770,4465
"Jast, Yost and Cruickshank",Cardinal,771,4050
McKenzie-Prohaska,Forest Dale,772,4696
Farrell and Sons,Dayton,773,4939
Greenholt-DuBuque,Annamark,774,4672
O'Hara-O'Connell,David,775,4770
Lebsack LLC,Westerfield,776,4436
"D'Amore, Mueller and Torphy",Redwing,777,4409
"Shields, Zemlak and Reichel",Amoth,778,4950
Kohler LLC,New Castle,779,4626
Reinger-Huels,Sachtjen,780,4090
Wehner and Sons,Golden Leaf,781,4750
"McLaughlin, Kutch and Mueller",Artisan,782,4427
"Hayes, Crona and Ward",Tennessee,783,4450
Wisoky-Fay,Bluejay,784,4867
Lockman-Roberts,Luster,785,4807
Orn-Auer,Bayside,786,4753
Altenwerth and Sons,Meadow Valley,787,4567
Rolfson Group,Anthes,788,4547
Doyle-Mayert,Debs,789,4338
Murphy-Runolfsdottir,Alpine,790,4622
"Kassulke, Turcotte and Beahan",Pierstorff,791,4372
"Farrell, Lueilwitz and McLaughlin",Cambridge,792,4160
Wisozk-Davis,Macpherson,793,4925
Bradtke-Rohan,Maple,794,4854
"Cassin, Barrows and Rutherford",Main,795,4530
Gutmann-Connelly,Ramsey,796,4824
Bergstrom Inc,Meadow Vale,797,4035
Macejkovic-Kilback,Crest Line,798,4796
Green-Kuhn,Evergreen,799,4427
"Bahringer, VonRueden and Stanton",Fieldstone,800,4259
Bechtelar-Gleichner,Anhalt,801,4655
Weissnat-Rempel,Portage,802,4210
"Krajcik, Emmerich and Greenfelder",Orin,803,4097
"Gusikowski, Connelly and Douglas",Quincy,804,4297
"Schimmel, Ziemann and Prohaska",Erie,805,4734
Sporer and Sons,Melrose,806,4339
Sauer Inc,Marquette,807,4395
"Jaskolski, Goodwin and Fritsch",David,808,4763
"Brown, Stark and Hermann",Utah,809,4582
Bosco Inc,Brickson Park,810,4473
"Jenkins, Simonis and Schamberger",Burning Wood,811,4917
Schinner-Keeling,Steensland,812,4474
Hermann Inc,Moulton,813,4949
Auer-Gleichner,Pleasure,814,4205
Zieme LLC,Golden Leaf,815,4802
Pfeffer Inc,Huxley,816,4781
Hermann Group,Del Mar,817,4461
"Rowe, Gottlieb and Rowe",Fulton,818,4508
"Hodkiewicz, Hettinger and Smith",Algoma,819,4718
"Heaney, Feil and Walter",Briar Crest,820,4550
Wyman-Herzog,Lillian,821,4150
"Collier, Schaefer and Zulauf",Lukken,822,4508
Hahn-Lind,Shoshone,823,4873
"Runolfsson, Price and Mayer",International,824,4870
Doyle-Gaylord,Declaration,825,4468
Osinski and Sons,Nobel,826,4740
Bayer Inc,Dovetail,827,4589
Morissette-Ryan,Eagle Crest,828,4279
"Howe, Reilly and Tremblay",Truax,829,4831
"Hermiston, Cassin and Swaniawski",Mitchell,830,4463
Beahan-Moen,Carpenter,831,4778
"Kreiger, Osinski and Stroman",Westridge,832,4085
"Champlin, Hintz and Buckridge",Northwestern,833,4850
Ferry LLC,North,834,4117
Quitzon and Sons,Lakeland,835,4393
"Prohaska, Spencer and Sanford",Moland,836,4463
Okuneva Inc,Springview,837,4271
Beer Group,Del Sol,838,4719
Yost-Marquardt,Grover,839,4986
Romaguera-Beier,Magdeline,840,4403
"Borer, Ledner and Fisher",Novick,841,4719
"Barton, Grant and Herman",Fordem,842,4096
Stamm and Sons,Norway Maple,843,4865
Cartwright-Lesch,Memorial,844,4071
Rath-McLaughlin,Prairie Rose,845,4455
Lueilwitz LLC,Kropf,846,4709
"Parker, Herzog and Brekke",Armistice,847,4738
Emmerich-Haley,Sherman,848,4932
Langosh-Feil,Forest,849,4745
Dickinson and Sons,Stoughton,850,4147
Abbott LLC,Anderson,851,4363
Johnston Group,Del Mar,852,4997
Carroll-Fahey,Mifflin,853,4317
Shanahan Group,Bunting,854,4588
"Kutch, Dicki and Kunde",Main,855,4873
"Blanda, Jenkins and Bednar",Hooker,856,4572
"Moen, Bernhard and Langworth",Cambridge,857,4222
"Schroeder, Cartwright and Koss",Petterle,858,4695
Luettgen and Sons,Kings,859,4126
"Leffler, Denesik and Lynch",Green,860,4600
"Boehm, Nikolaus and Hayes",Crest Line,861,4278
Hahn Group,Ilene,862,4983
"Walsh, Hodkiewicz and Bergnaum",Sunnyside,863,4527
Wisozk-Powlowski,Tennyson,864,4655
Goldner Inc,Shelley,865,4156
Koelpin Inc,Bultman,866,4493
Marquardt-Bergnaum,Stang,867,4442
"Bayer, Koepp and Effertz",Jackson,868,4597
"Rowe, Wyman and Steuber",Sunnyside,869,4343
Harvey-Hegmann,Corben,870,4011
Pfannerstill-Boyle,Talisman,871,4492
"Becker, Gislason and D'Amore",Algoma,872,4016
"Kiehn, Hackett and Marquardt",Ludington,873,4670
VonRueden-Funk,Texas,874,4483
Kulas-Harris,Sachtjen,875,4873
"Conn, Turner and Ryan",Walton,876,4199
Skiles-Pfannerstill,Welch,877,4069
"Gutmann, Jones and Wintheiser",Jenifer,878,4134
Renner Group,Merchant,879,4954
"Grimes, Murphy and Okuneva",Caliangt,880,4915
Hane Group,High Crossing,881,4721
"Kohler, Keeling and Witting",Warbler,882,4568
"Lind, Rosenbaum and Schulist",Forest Run,883,4854
McClure LLC,Lunder,884,4194
West Group,Fieldstone,885,4880
"Zieme, Batz and Beier",American,886,4311
Hand LLC,Springview,887,4371
Littel Inc,Anniversary,888,4519
Gutkowski-Koelpin,Heath,889,4479
"Bailey, Bartell and Konopelski",Johnson,890,4027
Parker-Berge,Twin Pines,891,4750
"Murray, Schmeler and Monahan",Village,892,4323
Orn LLC,Northview,893,4556
"Schroeder, Schultz and Hayes",Homewood,894,4856
Fisher Inc,Annamark,895,4047
Miller Group,Mariners Cove,896,4707
Runolfsdottir Inc,Vera,897,4590
Dooley and Sons,David,898,4842
"Hirthe, Rau and Dooley",Lerdahl,899,4606
Pfeffer Inc,Old Gate,900,4335
Hilll Inc,Hoepker,901,4733
Franecki Inc,Jay,902,4594
Kuphal Inc,Sachs,903,4780
Considine-Hackett,Vidon,904,4725
Conroy-Douglas,American Ash,905,4278
Williamson-Heidenreich,Gina,906,4542
Hammes Inc,Sage,907,4653
Koss Group,Schurz,908,4856
Wyman-Botsford,Merchant,909,4051
"Gutkowski, Greenfelder and Keeling",Oneill,910,4721
Dickens-Emmerich,Mallory,911,4575
Ritchie and Sons,Union,912,4444
"Kulas, McGlynn and Harvey",International,913,4772
Green Group,Barby,914,4761
"Funk, Swaniawski and Abbott",Artisan,915,4901
Ritchie and Sons,Redwing,916,4020
Leffler-Hilpert,Granby,917,4660
"Torp, Eichmann and Champlin",Haas,918,4914
"Murphy, Conn and Cronin",Coleman,919,4614
"Herzog, Bashirian and Wiza",Superior,920,4034
Mitchell Group,Fordem,921,4797
Steuber LLC,Holy Cross,922,4945
Rice-Maggio,Nancy,923,4599
Kreiger-Kuphal,Clemons,924,4975
Pouros-Schulist,Michigan,925,4231
"Douglas, Effertz and Stark",Welch,926,4847
"Fay, Veum and Carroll",3rd,927,4902
Lesch Group,Darwin,928,4467
Mertz-Gottlieb,North,929,4841
"Buckridge, Mosciski and Mosciski",Fieldstone,930,4365
Howell-O'Kon,Park Meadow,931,4617
Ward Group,Morning,932,4868
Cole Group,Ryan,933,4772
"Jacobi, Gleason and Schaden",Eagle Crest,934,4655
"Towne, Schmeler and Raynor",Buhler,935,4486
Hauck Inc,Forest Dale,936,4625
"Walsh, Howe and Klocko",Michigan,937,4206
Stanton-McCullough,Hazelcrest,938,4890
"Boehm, Thompson and Abshire",Cody,939,4464
"Ritchie, O'Kon and Sawayn",Tennyson,940,4253
"Lakin, Fisher and Harber",Gateway,941,4619
Lind-Marks,Mesta,942,4268
Koss-Lemke,Dixon,943,4434
Morissette and Sons,Drewry,944,4079
Little LLC,Homewood,945,4303
Hilll LLC,Norway Maple,946,4247
Jones and Sons,6th,947,4362
"Romaguera, Aufderhar and Bins",Dakota,948,4636
"VonRueden, Ernser and Kassulke",Loftsgordon,949,4894
Nienow Group,Artisan,950,4704
Kiehn and Sons,Center,951,4022
Russel Inc,Elgar,952,4985
Hartmann LLC,Heath,953,4132
Kuhic Group,Coolidge,954,4078
Franecki-Wuckert,Johnson,955,4701
"Mitchell, O'Reilly and O'Reilly",Homewood,956,4200
O'Conner-Erdman,Clyde Gallagher,957,4150
"Mitchell, Heathcote and Jerde",Summit,958,4277
Langosh and Sons,Eggendart,959,4977
O'Keefe Group,Tomscot,960,4797
"Corkery, Hills and Marks",Schurz,961,4536
Herzog-Kilback,Morrow,962,4420
"Greenfelder, Wyman and Halvorson",Hanson,963,4106
Legros-Morar,Eagle Crest,964,4902
Crist and Sons,Logan,965,4445
West LLC,Dwight,966,4848
"Cronin, Bernier and Johnston",Lien,967,4044
Marvin-Farrell,Oak,968,4984
Cartwright-Hauck,Village Green,969,4172
Huels-Miller,Helena,970,4164
"Lesch, McGlynn and Jacobson",Di Loreto,971,4007
"Abshire, Quitzon and Ratke",Moose,972,4991
Bednar-Tremblay,Bonner,973,4770
"Pacocha, Koss and Leuschke",Lukken,974,4541
"Ebert, Greenfelder and Hayes",Barnett,975,4392
Ritchie LLC,Troy,976,4788
Funk-Harber,Saint Paul,977,4604
"Waelchi, Gorczany and Cummerata",Calypso,978,4990
"Moen, Dare and Quitzon",Steensland,979,4612
Blick-Boehm,Atwood,980,4397
Feeney Inc,Summerview,981,4120
Beahan Inc,Merry,982,4210
Blanda Group,3rd,983,4985
Schroeder-Mayert,Crowley,984,4252
"Kilback, Bauch and Spinka",Eastlawn,985,4027
Schmidt-Kuhlman,Meadow Ridge,986,4808
"Wyman, Fahey and Zemlak",Talisman,987,4152
"Littel, Hane and Wiza",American,988,4946
"Durgan, Halvorson and Orn",Nevada,989,4324
Zboncak LLC,Colorado,990,4452
Rosenbaum-Carroll,Comanche,991,4656
Marks and Sons,Aberg,992,4941
Spinka-Cummerata,Becker,993,4531
Ledner-Collins,Rieder,994,4868
Barton-O'Hara,Manitowish,995,4550
Block-Heaney,Corben,996,4500
King and Sons,Eggendart,997,4595
Osinski-Douglas,Claremont,998,4769
Larson-Kunze,Northview,999,4525
"DuBuque, Stoltenberg and Torp",Reinke,1000,4607
